id,name,geoJsonValue,type,centroid_longitude,centroid_latitude,population,population_percentile
geo68,Oslo,NOR.12.1_1,district,10.738244435948316,59.97923640424276,689844,0.228310502283105
geo290,Bergen,NOR.7.4_1,district,5.397140906662313,60.36370157313888,264548,0.45662100456621
geo6,Trondheim,NOR.15.24_1,district,10.3703069853577,63.38274383738844,192424,0.684931506849315
geo402,Bærum,NOR.1.4_1,district,10.492306510450671,59.94171289778231,127921,0.91324200913242
geo27,Stavanger,NOR.13.20_1,district,5.70593796985091,58.96013216514286,126309,1.141552511415525
geo174,Kristiansand,NOR.18.6_1,district,8.030718203604728,58.18766331464777,91744,1.36986301369863
geo356,Skedsmo,NOR.1.17_1,district,11.03298925011808,59.98368161995937,90606,1.5981735159817352
geo71,Sandnes,NOR.13.16_1,district,5.865784877659896,58.86581169026916,74594,1.82648401826484
geo213,Drammen,NOR.4.2_1,district,10.1615939000062,59.713060807630114,68480,2.054794520547945
geo84,Tromsø,NOR.17.25_1,district,19.093144997100826,69.6417643491951,68246,2.28310502283105
geo186,Sarpsborg,NOR.2.18_1,district,11.15432633257382,59.28443778625563,58505,2.5114155251141552
geo283,Asker,NOR.1.2_1,district,10.420013109747195,59.8360756159714,58200,2.73972602739726
geo178,Skien,NOR.16.15_1,district,9.479819186438265,59.25369899877022,56459,2.968036529680365
geo214,Bodø,NOR.10.7_1,district,14.72720805712212,67.33615140091064,48622,3.1963470319634704
geo101,Arendal,NOR.3.2_1,district,8.765241369130438,58.491841796518585,43747,3.4246575342465753
geo432,Sandefjord,NOR.19.10_1,district,10.218299096097006,59.13891480368935,42734,3.65296803652968
geo205,Larvik,NOR.19.6_1,district,9.986417000882458,59.12026201771639,42507,3.881278538812785
geo117,Tønsberg,NOR.19.14_1,district,10.401126043276108,59.30012020997311,42136,4.10958904109589
geo308,Karmøy,NOR.13.10_1,district,5.265458506569811,59.2760980246409,41346,4.337899543378995
geo335,Nesodden,NOR.1.13_1,district,11.42131775795598,60.11005417264292,40204,4.5662100456621
geo29,Ålesund,NOR.8.1_1,district,6.3715879109346,62.467320965193046,38537,4.794520547945205
geo293,Haugesund,NOR.13.8_1,district,5.295965180419754,59.44980295676826,38503,5.0228310502283104
geo133,Ullensaker,NOR.1.20_1,district,11.193784983080972,60.15093147979941,38273,5.251141552511415
geo352,Porsgrunn,NOR.16.11_1,district,9.74942932795816,59.11389582754546,35781,5.47945205479452
geo111,Ringsaker,NOR.6.15_1,district,10.848514749996582,60.99802191186137,35424,5.707762557077626
geo139,Fredrikstad,NOR.2.5_1,district,10.947145780640057,59.22627751875663,34918,5.93607305936073
geo202,Hamar,NOR.6.9_1,district,11.140232706576317,60.94636120106296,32588,6.164383561643835
geo97,Halden,NOR.2.6_1,district,11.493932961184967,59.08428022894589,31732,6.392694063926941
geo422,Ski,NOR.1.18_1,district,10.901026295583137,59.72910877644135,31684,6.621004566210045
geo247,Gjøvik,NOR.11.4_1,district,10.466072801764078,60.88648446816793,31578,6.8493150684931505
geo286,Ringerike,NOR.4.18_1,district,10.085221089173697,60.29482436574612,31485,7.077625570776255
geo193,Sola,NOR.13.19_1,district,5.619887729244758,58.88844196451596,30306,7.30593607305936
geo99,Moss,NOR.2.11_1,district,10.694551603871128,59.452606420450856,29875,7.534246575342466
geo192,Lillehammer,NOR.11.8_1,district,10.394195520560563,61.1276957797871,28462,7.76255707762557
geo321,Kongsberg,NOR.4.10_1,district,9.66720721264782,59.57755201638405,28212,7.9908675799086755
geo104,Borre,NOR.19.2_1,district,10.417895379431464,59.40177939766993,27841,8.21917808219178
geo51,Lørenskog,NOR.1.11_1,district,10.96641794011914,59.88998326934375,27531,8.447488584474886
geo93,Nedre Eiker,NOR.4.14_1,district,10.034838670613883,59.7585399999751,27239,8.67579908675799
geo420,Lier,NOR.4.12_1,district,10.229517519160533,59.863713092397575,26197,8.904109589041095
geo2,Rana,NOR.10.28_1,district,14.51280736407536,66.41272437041431,25832,9.1324200913242
geo244,Eidsvoll,NOR.1.5_1,district,11.226788514813956,60.39103185595812,25367,9.360730593607306
geo340,Stjørdal,NOR.9.21_1,district,11.21521002020237,63.46763708137446,25274,9.58904109589041
geo35,Oppegård,NOR.1.15_1,district,10.785106514835435,59.79206893854496,25195,9.817351598173515
geo342,Molde,NOR.8.16_1,district,7.485012541594066,62.76657577575247,25087,10.045662100456621
geo85,Klepp,NOR.13.11_1,district,5.604277775574732,58.76580605966411,24708,10.273972602739725
geo437,Nøtterøy,NOR.19.7_1,district,10.42609076102453,59.20451200394921,24429,10.50228310502283
geo435,Nittedal,NOR.1.14_1,district,10.84918483091248,60.083588144766445,24143,10.730593607305936
geo260,Askøy,NOR.7.1_1,district,5.1359902832843405,60.47096250593543,23733,10.95890410958904
geo269,Harstad,NOR.17.7_1,district,16.44277263501241,68.76456549535934,23020,11.187214611872145
geo317,Grimstad,NOR.3.9_1,district,8.490193642883707,58.37405166197118,22437,11.415525114155251
geo327,Steinkjer,NOR.9.20_1,district,11.741910919323054,64.07018261357558,22310,11.643835616438356
geo46,Fjell,NOR.7.10_1,district,5.053213621200233,60.3460041712602,22156,11.87214611872146
geo8,Elverum,NOR.6.5_1,district,11.73849718258738,60.96081125452338,21825,12.100456621004566
geo125,Røyken,NOR.4.20_1,district,10.424805726710431,59.73461639406417,21710,12.32876712328767
geo116,Ås,NOR.1.1_1,district,10.782618514451029,59.67468104587602,21123,12.557077625570775
geo266,Stange,NOR.6.17_1,district,11.332383804246597,60.641852174744606,20639,12.785388127853881
geo238,Levanger,NOR.9.9_1,district,11.269977069090766,63.660310427535705,19966,13.013698630136986
geo26,Øvre Eiker,NOR.4.17_1,district,9.842367151420587,59.75229635247726,19703,13.24200913242009
geo182,Alta,NOR.5.1_1,district,23.230220393259337,69.98761103999476,19394,13.470319634703195
geo274,Hå,NOR.13.7_1,district,5.744940563955281,58.59840446420189,19386,13.698630136986301
geo343,Os,NOR.7.22_1,district,5.474403027880597,60.22519791253965,19364,13.926940639269406
geo17,Sørum,NOR.1.19_1,district,11.255242889320554,59.99408730609468,18979,14.15525114155251
geo324,Rygge,NOR.2.17_1,district,10.712186917670229,59.3751768372873,18889,14.383561643835616
geo38,Stord,NOR.7.27_1,district,5.465782199091972,59.82035007801043,18642,14.61187214611872
geo157,Kongsvinger,NOR.6.10_1,district,12.21742878149533,60.21555623232592,18472,14.840182648401825
geo60,Stokke,NOR.19.11_1,district,10.256807752521746,59.23905820677917,18122,15.068493150684931
geo285,Narvik,NOR.10.25_1,district,17.693176541471395,68.31142501590617,17905,15.296803652968036
geo411,Melhus,NOR.15.11_1,district,10.267818550299962,63.158331289806455,17030,15.52511415525114
geo227,Vestby,NOR.1.21_1,district,10.734148510361043,59.56726220992372,17010,15.753424657534246
geo235,Aurskog-Høland,NOR.1.3_1,district,11.571191662169976,59.83910525189984,16914,15.981735159817351
geo397,Time,NOR.13.23_1,district,5.787327461569411,58.70842052262904,16773,16.210045662100455
geo130,Askim,NOR.2.2_1,district,11.171516398022767,59.59018211774443,16304,16.43835616438356
geo382,Mandal,NOR.18.10_1,district,7.508700760903758,58.06284301077178,15810,16.666666666666664
geo74,Østre Toten,NOR.11.14_1,district,10.89386321595563,60.610545349736846,15374,16.894977168949772
geo36,Eigersund,NOR.13.3_1,district,6.142641332468485,58.500919325341705,15156,17.123287671232877
geo367,Verdal,NOR.9.22_1,district,12.013864430455016,63.78699116185807,15071,17.35159817351598
geo252,Voss,NOR.7.34_1,district,6.428383673039924,60.70635446631078,15048,17.579908675799086
geo417,Frogn,NOR.1.8_1,district,10.664809334855269,59.70244952179081,14997,17.80821917808219
geo391,Vennesla,NOR.18.15_1,district,7.827326398022582,58.33388289514705,14857,18.036529680365295
geo399,Kristiansund,NOR.8.14_1,district,7.788031657935742,63.11869637911083,14323,18.2648401826484
geo189,Gran,NOR.11.5_1,district,10.50986314808836,60.430574424113786,14318,18.493150684931507
geo219,Modum,NOR.4.13_1,district,9.95783636668596,59.98265417043974,14216,18.72146118721461
geo246,Rolvsoey,NOR.2.15_1,district,10.96739913801615,59.27675639203697,13808,18.949771689497716
geo106,Vestre Toten,NOR.11.26_1,district,10.619123134065472,60.64455158969549,13766,19.17808219178082
geo49,Vefsn,NOR.10.42_1,district,13.291157101703686,65.84763463093253,13604,19.406392694063925
geo24,Bamble,NOR.16.1_1,district,9.532421251284507,59.01171757494949,13602,19.63470319634703
geo344,Borge,NOR.2.3_1,district,11.05336816280067,59.20088729631244,13459,19.863013698630137
geo414,Førde,NOR.14.9_1,district,6.10555793708093,61.44349165651481,13453,20.091324200913242
geo264,Notodden,NOR.16.10_1,district,9.133500275071317,59.66445386468091,13166,20.319634703196346
geo138,Nannestad,NOR.1.12_1,district,10.955986942130677,60.233868600834086,12999,20.54794520547945
geo338,Lindås,NOR.7.16_1,district,5.386585649640483,60.69020462983821,12661,20.776255707762555
geo426,Orkdal,NOR.15.14_1,district,9.697318986324952,63.27205944746864,12270,21.00456621004566
geo412,Randaberg,NOR.13.14_1,district,5.613254360792879,59.000982031307714,12113,21.232876712328768
geo394,Namsos,NOR.9.15_1,district,11.501612883914463,64.46846236428156,12043,21.461187214611872
geo330,Søgne,NOR.18.13_1,district,7.738261570558376,58.100446909856096,11753,21.689497716894977
geo245,Onsoey,NOR.2.12_1,district,10.824154371937016,59.23632554178838,11752,21.91780821917808
geo355,Strand,NOR.13.21_1,district,6.061896112091847,59.05193582507947,11731,22.146118721461185
geo216,Holmestrand,NOR.19.4_1,district,10.217611856821115,59.502521725017445,11675,22.37442922374429
geo261,Eidsberg,NOR.2.4_1,district,11.369875976411771,59.52810025202079,11590,22.602739726027394
geo275,Bømlo,NOR.7.5_1,district,5.2101082994564285,59.74347199185363,11463,22.831050228310502
geo348,Kvinnherad,NOR.7.15_1,district,6.068571202164056,59.97647074163263,11405,23.059360730593607
geo42,Fet,NOR.1.7_1,district,11.215645431466744,59.8729739377275,11234,23.28767123287671
geo313,Vestvågøy,NOR.10.44_1,district,13.779087127803638,68.21358870624903,11095,23.515981735159816
geo161,Tysvær,NOR.13.24_1,district,5.590105851217188,59.38029189741816,11026,23.74429223744292
geo19,Enebakk,NOR.1.6_1,district,11.098583302256827,59.76331659605337,11012,23.972602739726025
geo156,Ørsta,NOR.8.20_1,district,6.392568137016535,62.2064117483459,10611,24.200913242009133
geo387,Lenvik,NOR.17.14_1,district,17.962701579931704,69.36884230993931,10522,24.429223744292237
geo299,Lillesand,NOR.3.11_1,district,8.296831968971878,58.23516059729828,9958,24.65753424657534
geo48,Malvik,NOR.15.9_1,district,10.757040585637954,63.37184134713046,9947,24.885844748858446
geo257,Fauske,NOR.10.11_1,district,15.811713832497812,67.21898546007311,9888,25.11415525114155
geo75,Flora,NOR.14.8_1,district,5.368667012659225,61.61969175999501,9856,25.34246575342466
geo54,Hammerfest,NOR.5.5_1,district,23.317028830485548,70.61760850190709,9669,25.570776255707763
geo197,Farsund,NOR.18.3_1,district,6.779825763479406,58.136515191350725,9663,25.799086757990867
geo272,Sortland,NOR.10.35_1,district,15.380885023234123,68.69902935985216,9547,26.027397260273972
geo92,Fræna,NOR.8.6_1,district,7.155827725058924,62.87736895958651,9449,26.25570776255708
geo105,Sør-Varanger,NOR.5.16_1,district,29.62384984612441,69.62780024024133,9314,26.48401826484018
geo190,Lunner,NOR.11.10_1,district,10.660835874686285,60.24374674148713,9162,26.71232876712329
geo222,Volda,NOR.8.38_1,district,6.103000961912654,62.0605236368059,9055,26.94063926940639
geo430,Flekkefjord,NOR.18.4_1,district,6.6899301755098,58.39013691314073,9036,27.168949771689498
geo278,Råde,NOR.2.13_1,district,10.85754299462569,59.34226298521307,8518,27.397260273972602
geo128,Lyngdal,NOR.18.9_1,district,7.087881142037687,58.17939386661964,8474,27.62557077625571
geo433,Rakkestad,NOR.2.14_1,district,11.412354742617326,59.36654775432928,8442,27.85388127853881
geo199,Sør-Odal,NOR.6.16_1,district,11.751380565229969,60.22539241996162,8356,28.08219178082192
geo406,Hurum,NOR.4.9_1,district,10.514346489417584,59.601409308410986,8254,28.31050228310502
geo230,Ulstein,NOR.8.35_1,district,5.878737112058342,62.329611775182606,8251,28.538812785388128
geo78,Sula,NOR.8.29_1,district,6.209141980170297,62.42131247045898,8161,28.767123287671232
geo11,Kragerø,NOR.16.6_1,district,9.34418147018452,58.881023107949865,7967,28.99543378995434
geo103,Gjesdal,NOR.13.6_1,district,6.255605385921928,58.8130698078786,7923,29.22374429223744
geo34,Kvam,NOR.7.14_1,district,6.130845894679417,60.39236948896058,7915,29.45205479452055
geo21,Løten,NOR.6.11_1,district,11.38931290882143,60.84695979603781,7891,29.68036529680365
geo328,Haram,NOR.8.11_1,district,6.466403074637696,62.58962834752046,7866,29.908675799086758
geo150,Skaun,NOR.15.22_1,district,10.034225080118226,63.26688931865037,7751,30.136986301369863
geo332,Herøy,NOR.8.13_1,district,5.678903976451264,62.303110060098895,7699,30.36529680365297
geo289,Vågan,NOR.10.41_1,district,14.561879861567542,68.28943925647475,7610,30.59360730593607
geo12,Sande,NOR.19.9_1,district,10.218189008678294,59.60811641507525,7577,30.82191780821918
geo287,Åsnes,NOR.6.3_1,district,12.164486368762477,60.64769909231954,7532,31.05022831050228
geo349,Giske,NOR.8.8_1,district,6.064606942488005,62.52589999610933,7398,31.27853881278539
geo67,Osterøy,NOR.7.23_1,district,5.558753647203476,60.53860833610334,7312,31.506849315068493
geo331,Brønnøy,NOR.10.8_1,district,12.671539460435609,65.40856328678879,7273,31.7351598173516
geo14,Sogndal,NOR.14.22_1,district,7.051875762292831,61.247770324959816,7252,31.963470319634702
geo13,Oppdal,NOR.15.13_1,district,9.531878600509147,62.54233253254471,7208,32.19178082191781
geo301,Sykkylven,NOR.8.32_1,district,6.656204060479503,62.349903316556144,7172,32.42009132420091
geo1,Frei,NOR.8.7_1,district,7.799219024645922,63.06371482157097,7135,32.64840182648402
geo180,Målselv,NOR.17.16_1,district,19.379320044236653,68.91218452733723,7127,32.87671232876712
geo306,Sunndal,NOR.8.30_1,district,8.705526802562463,62.58427774747405,7127,33.10502283105023
geo350,Stryn,NOR.14.24_1,district,6.921540339829948,61.846421335993504,7115,33.33333333333333
geo140,Jevnaker,NOR.11.6_1,district,10.391144976598476,60.28014955731189,7096,33.56164383561644
geo181,Gjerdrum,NOR.1.9_1,district,11.009050407597996,60.083437637984375,7019,33.789954337899545
geo170,Alstahaug,NOR.10.1_1,district,12.642614086216737,65.8713597762497,6987,34.01826484018265
geo148,Nordre Land,NOR.11.13_1,district,9.96996428300053,60.94668200282715,6942,34.24657534246575
geo33,Rissa,NOR.15.18_1,district,10.124104534219574,63.67968390806535,6931,34.47488584474886
geo65,Trysil,NOR.6.20_1,district,12.291880541911604,61.32886162809173,6775,34.70319634703196
geo18,Rauma,NOR.8.21_1,district,7.756778758299393,62.45132873186724,6734,34.93150684931507
geo374,Nome,NOR.16.9_1,district,9.118256162496111,59.27577748362794,6709,35.15981735159817
geo276,Hadsel,NOR.10.15_1,district,14.989388737596004,68.48946195285794,6688,35.38812785388128
geo61,Nord-Aurdal,NOR.11.11_1,district,9.27759469085546,60.96399658767097,6622,35.61643835616438
geo239,Hole,NOR.4.8_1,district,10.285384666034023,60.0439470732268,6616,35.84474885844749
geo263,Bø,NOR.16.2_1,district,9.004211482960114,59.4418729710839,6583,36.07305936073059
geo16,Songdalen,NOR.18.14_1,district,7.721559296787851,58.23889200607427,6546,36.3013698630137
geo284,Gausdal,NOR.11.3_1,district,9.863593297681922,61.27090299742735,6538,36.5296803652968
geo0,Vaale,NOR.19.15_1,district,10.290005004910745,59.41590096105213,6473,36.757990867579906
geo28,Vindafjord,NOR.13.26_1,district,5.846559366126471,59.520129779364446,6463,36.986301369863014
geo300,Midtre Gauldal,NOR.15.12_1,district,10.53183062964148,62.903133423993815,6434,37.21461187214612
geo366,Odda,NOR.7.20_1,district,6.798017804782974,59.96000149457634,6393,37.44292237442922
geo164,Risør,NOR.3.12_1,district,9.15589705700948,58.73913129346383,6352,37.67123287671233
geo294,Eidskog,NOR.6.4_1,district,12.061095871837743,59.996335400505615,6332,37.89954337899543
geo268,Radøy,NOR.7.25_1,district,5.033899512144274,60.665881279049216,6327,38.12785388127854
geo346,Klæbu,NOR.15.8_1,district,10.53854296076432,63.26375097432064,6257,38.35616438356164
geo112,Meland,NOR.7.18_1,district,5.117551147448095,60.5618174850864,6165,38.58447488584475
geo291,Tinn,NOR.16.16_1,district,8.561103466831812,59.99592849227997,6061,38.81278538812785
geo70,Sel,NOR.11.18_1,district,9.476932642126958,61.77295382940851,6042,39.04109589041096
geo224,Kvinesdal,NOR.18.7_1,district,6.985018226010211,58.51837514157364,5961,39.26940639269406
geo4,Røros,NOR.15.20_1,district,11.72781164423782,62.57713737748772,5925,39.49771689497717
geo262,Hobøl,NOR.2.7_1,district,10.934336657245412,59.59528423263632,5923,39.726027397260275
geo77,Nord-Fron,NOR.11.12_1,district,9.521964564343062,61.58424920966655,5899,39.95433789954338
geo371,Sund,NOR.7.28_1,district,5.06362649340908,60.23120068569646,5894,40.182648401826484
geo136,Spydeberg,NOR.2.20_1,district,11.082927821601606,59.60995209505843,5891,40.41095890410959
geo173,Trøgstad,NOR.2.21_1,district,11.328888104690794,59.66023448141098,5886,40.63926940639269
geo271,Søndre Land,NOR.11.20_1,district,10.264048446176506,60.6778669802758,5847,40.8675799086758
geo159,Vestnes,NOR.8.37_1,district,7.021731895431286,62.56500107691361,5843,41.0958904109589
geo58,Froland,NOR.3.7_1,district,8.417560894569684,58.5991646726878,5835,41.32420091324201
geo147,Tvedestrand,NOR.3.13_1,district,8.947820769049358,58.63377518835704,5822,41.55251141552511
geo384,Eid,NOR.14.6_1,district,6.033995727235454,61.92941870079856,5805,41.78082191780822
geo7,Surnadal,NOR.8.31_1,district,8.856470009433735,62.92351115475591,5802,42.00913242009132
geo179,Gloppen,NOR.14.11_1,district,6.166724895652175,61.71781371227073,5762,42.23744292237443
geo107,Averøy,NOR.8.4_1,district,7.544334320342408,63.018451916896126,5609,42.465753424657535
geo25,Våler,NOR.2.22_1,district,10.929148689025874,59.455862159211605,5557,42.69406392694064
geo132,Meløy,NOR.10.23_1,district,13.872699888440744,66.76429910731494,5532,42.922374429223744
geo141,Inderøy,NOR.9.6_1,district,11.275465529515056,63.89158343215002,5463,43.15068493150685
geo220,Årdal,NOR.14.1_1,district,7.807677615694383,61.29116642461874,5448,43.37899543378995
geo64,Birkenes,NOR.3.3_1,district,8.187209659952869,58.459764338799744,5416,43.60730593607306
geo86,Øyer,NOR.11.15_1,district,10.531734902707516,61.31988733813292,5395,43.83561643835616
geo194,Vadsø,NOR.5.18_1,district,29.68222100293309,70.23110798797163,5347,44.06392694063927
geo318,Sveio,NOR.7.29_1,district,5.408068706635196,59.58341596537199,5305,44.29223744292237
geo258,Balsfjord,NOR.17.1_1,district,19.24989077130188,69.24755642739764,5262,44.52054794520548
geo288,Luster,NOR.14.19_1,district,7.454122607545191,61.53952153210072,5248,44.74885844748858
geo100,Nord-Odal,NOR.6.12_1,district,11.577964615730515,60.43754709637838,5099,44.97716894977169
geo31,Bjugn,NOR.15.3_1,district,9.8294190816237,63.8236497579542,5095,45.20547945205479
geo210,Hareid,NOR.8.12_1,district,5.988843550157054,62.35160711931004,5030,45.4337899543379
geo370,Tynset,NOR.6.21_1,district,10.536057824426551,62.39877740546164,5007,45.662100456621005
geo154,Øygarden,NOR.7.24_1,district,4.858887291026003,60.56373819278978,5001,45.89041095890411
geo357,Vågsøy,NOR.14.25_1,district,5.224095766097975,61.95445303209747,4968,46.118721461187214
geo277,Lindesnes,NOR.18.8_1,district,7.286766127192088,58.1225414149141,4949,46.34703196347032
geo143,Svelvik,NOR.19.12_1,district,10.36298921794559,59.616562126971424,4932,46.57534246575342
geo427,Kraakeroey,NOR.2.9_1,district,10.923092011921268,59.16887631257183,4923,46.80365296803653
geo282,Grue,NOR.6.8_1,district,12.227607043624792,60.44007174423681,4892,47.03196347031963
geo88,Sirdal,NOR.18.12_1,district,6.84675674262189,58.878376270567294,4865,47.26027397260274
geo134,Nordreisa,NOR.17.17_1,district,21.5690950644746,69.51336811612552,4850,47.48858447488584
geo385,Ørland,NOR.15.15_1,district,9.59910647002488,63.69496778213634,4821,47.71689497716895
geo319,Ål,NOR.4.1_1,district,8.3899115217773,60.7109250291621,4779,47.94520547945205
geo59,Gol,NOR.4.5_1,district,8.998156293999706,60.74686465807467,4719,48.17351598173516
geo326,Hol,NOR.4.7_1,district,8.008948986199353,60.57056027346078,4713,48.401826484018265
geo407,Skodje,NOR.8.25_1,district,6.644493873657514,62.504259122395,4690,48.63013698630137
geo122,Andøy,NOR.10.2_1,district,15.776258069472968,69.05096562044233,4634,48.858447488584474
geo429,Åmot,NOR.6.2_1,district,11.505725426494305,61.25940010922292,4618,49.08675799086758
geo376,Ringebu,NOR.11.17_1,district,10.31493911320434,61.55774648615631,4605,49.31506849315068
geo386,Nærøy,NOR.9.14_1,district,11.831444405004548,64.89478917316534,4591,49.54337899543379
geo5,Sauherad,NOR.16.12_1,district,9.292779479396124,59.43946220295874,4567,49.77168949771689
geo305,Frøya,NOR.15.4_1,district,8.647412007437929,63.73523886070053,4550,50.0
geo304,Vikna,NOR.9.24_1,district,10.988564479631307,64.90877081651736,4498,50.2283105022831
geo358,Sauda,NOR.13.17_1,district,6.451258671505489,59.70283330670033,4476,50.456621004566216
geo40,Rennesøy,NOR.13.15_1,district,5.685005919947471,59.09067392359901,4442,50.68493150684932
geo108,Hitra,NOR.15.6_1,district,8.735163321721984,63.54751663081216,4396,50.91324200913242
geo145,Saltdal,NOR.10.31_1,district,15.531667351486949,66.88620418783674,4390,51.141552511415526
geo243,Øksnes,NOR.10.27_1,district,15.056500560102926,68.86751990217458,4275,51.369863013698634
geo281,Selbu,NOR.15.21_1,district,11.130563104470298,63.20157727977206,4224,51.598173515981735
geo336,Stranda,NOR.8.28_1,district,6.978380997354762,62.13080764458995,4181,51.82648401826484
geo401,Austevoll,NOR.7.2_1,district,5.187331014428967,60.04468327138786,4160,52.054794520547944
geo32,Hemnes,NOR.10.18_1,district,14.041467936777316,66.00384845786652,4151,52.28310502283106
geo172,Hvaler,NOR.2.8_1,district,10.979222646467434,59.06629012705876,4140,52.51141552511416
geo375,Drangedal,NOR.16.3_1,district,8.973654100444806,59.10110777234905,4110,52.73972602739726
geo388,Bardu,NOR.17.2_1,district,18.88635083614436,68.66473138346602,4107,52.96803652968036
geo351,Meldal,NOR.15.10_1,district,9.674552234346644,63.03971717778167,4082,53.19634703196348
geo404,Hemne,NOR.15.5_1,district,9.040072846926678,63.27373625520699,4080,53.42465753424658
geo55,Overhalla,NOR.9.17_1,district,11.907481121744103,64.45712455128877,3953,53.65296803652968
geo419,Skiptvet,NOR.2.19_1,district,11.146345537294565,59.47578572155842,3930,53.88127853881278
geo303,Vaksdal,NOR.7.33_1,district,5.915971574529138,60.67641907798155,3923,54.109589041095894
geo341,Vinje,NOR.16.18_1,district,7.728269194849052,59.820365224107526,3879,54.337899543378995
geo217,Etne,NOR.7.7_1,district,6.190795086751457,59.772379333157375,3843,54.5662100456621
geo334,Porsanger,NOR.5.15_1,district,25.12816029628345,70.15705766056728,3841,54.794520547945204
geo89,Evje og Hornnes,NOR.3.6_1,district,7.737340531695294,58.58551560618182,3839,55.02283105022832
geo315,Våler,NOR.6.22_1,district,11.950910077978138,60.783445118437946,3798,55.25114155251142
geo167,Vågå,NOR.11.23_1,district,8.955689934023095,61.67379588315271,3784,55.47945205479452
geo251,Høyanger,NOR.14.14_1,district,5.90306441473452,61.13466907430193,3746,55.70776255707762
geo144,Marker,NOR.2.10_1,district,11.6494882991328,59.484436282797205,3710,55.93607305936074
geo436,Sigdal,NOR.4.21_1,district,9.452325226286408,60.13362949685192,3608,56.16438356164384
geo80,Sokndal,NOR.13.18_1,district,6.33958815987778,58.37553221720267,3584,56.39269406392694
geo83,Andebu,NOR.19.1_1,district,10.09929929844649,59.293679904041575,3524,56.62100456621004
geo333,Nes,NOR.4.15_1,district,9.069895180946974,60.55052035392551,3447,56.849315068493155
geo171,Fusa,NOR.7.11_1,district,5.788021219601006,60.21662022576452,3444,57.077625570776256
geo160,Suldal,NOR.13.22_1,district,6.602800556182149,59.51785698375439,3440,57.30593607305936
geo378,Austrheim,NOR.7.3_1,district,4.964783546710947,60.77793301401712,3438,57.534246575342465
geo363,Eide,NOR.8.5_1,district,7.391176052664,62.91736175469913,3393,57.76255707762557
geo96,Tjøme,NOR.19.13_1,district,10.41782421129028,59.11163974471514,3347,57.99086757990868
geo3,Lund,NOR.13.13_1,district,6.475526810779708,58.49670518213168,3330,58.21917808219178
geo421,Øystre Slidre,NOR.11.16_1,district,9.09399564882532,61.24690442827535,3321,58.44748858447488
geo390,Sørreisa,NOR.17.21_1,district,18.158598268907568,69.09328797963595,3321,58.675799086758
geo240,Alvdal,NOR.6.1_1,district,10.503874122504886,62.06868390439255,3298,58.9041095890411
geo53,Lardal,NOR.19.5_1,district,9.897421748872407,59.38273835921844,3296,59.1324200913242
geo250,Sør-Fron,NOR.11.22_1,district,9.784591464015978,61.535416497837424,3279,59.3607305936073
geo168,Kautokeino,NOR.5.8_1,district,23.549798692235687,69.13467216300604,3230,59.589041095890416
geo114,Aukra,NOR.8.2_1,district,6.890255750696796,62.813558921712655,3137,59.817351598173516
geo211,Sør-Aurdal,NOR.11.21_1,district,9.63156428345242,60.68022978651568,3099,60.04566210045662
geo94,Gaular,NOR.14.10_1,district,5.915782687626535,61.34038165411329,3095,60.273972602739725
geo297,Jølster,NOR.14.16_1,district,6.450037557700592,61.55052187117757,3074,60.50228310502283
geo175,Seljord,NOR.16.13_1,district,8.533209317853784,59.562141455596446,3018,60.73059360730594
geo44,Åfjord,NOR.15.1_1,district,10.382603774292956,63.98661585136725,3007,60.95890410958904
geo115,Tana,NOR.5.17_1,district,27.6177834843346,70.21270665994105,2974,61.18721461187214
geo37,Hurdal,NOR.1.10_1,district,10.95074855316122,60.42947061483016,2969,61.41552511415526
geo153,Ramnes,NOR.19.8_1,district,10.1885822487782,59.38600555592072,2955,61.64383561643836
geo118,Fitjar,NOR.7.9_1,district,5.322288663983219,59.90049110594835,2950,61.87214611872146
geo126,Bjerkreim,NOR.13.1_1,district,6.209697147320099,58.6662963144672,2940,62.10045662100456
geo310,Naustdal,NOR.14.20_1,district,5.850723924062021,61.56042207086543,2902,62.328767123287676
geo82,Nesset,NOR.8.17_1,district,8.147150189512374,62.59078140157088,2883,62.55707762557078
geo359,Skjervøy,NOR.17.20_1,district,20.68678970765908,70.07016495833759,2863,62.78538812785388
geo295,Bremanger,NOR.14.5_1,district,5.361643611785071,61.801124775325775,2857,63.013698630136986
geo62,Vanylven,NOR.8.36_1,district,5.669434262610107,62.07453213643791,2830,63.242009132420094
geo267,Skånland,NOR.17.19_1,district,16.987952998212826,68.61463573947871,2809,63.4703196347032
geo408,Finnøy,NOR.13.4_1,district,5.908970111670887,59.21256275233902,2790,63.6986301369863
geo273,Karasjok,NOR.5.7_1,district,25.134302885819217,69.41165968368168,2780,63.926940639269404
geo298,Leksvik,NOR.9.8_1,district,10.477784083088254,63.67358355683131,2761,64.15525114155251
geo124,Askvoll,NOR.14.2_1,district,5.175070647124659,61.39553728445445,2755,64.38356164383562
geo22,Dovre,NOR.11.1_1,district,9.456004799183528,62.07650969457578,2733,64.61187214611871
geo45,Flesberg,NOR.4.4_1,district,9.487702424278035,59.84868899758286,2723,64.84018264840182
geo120,Tingvoll,NOR.8.33_1,district,8.17415146922289,62.95071546869696,2680,65.06849315068493
geo206,Fjaler,NOR.14.7_1,district,5.424664209559748,61.28412118765476,2654,65.29680365296804
geo221,Bø,NOR.10.6_1,district,14.599341461729813,68.70897577780663,2609,65.52511415525115
geo241,Rennebu,NOR.15.17_1,district,9.884321832683748,62.80273351225867,2607,65.75342465753424
geo314,Gjerstad,NOR.3.8_1,district,8.978744578226605,58.8875971017298,2605,65.98173515981736
geo302,Lyngen,NOR.17.15_1,district,20.099361744409475,69.67803948310713,2591,66.21004566210046
geo280,Stor-Elvdal,NOR.6.18_1,district,10.779578168065578,61.58956464043551,2588,66.43835616438356
geo209,Nore og Uvdal,NOR.4.16_1,district,8.446032391442031,60.27716796906925,2579,66.66666666666666
geo232,Meråker,NOR.9.12_1,district,11.829722848904892,63.40045528025374,2552,66.89497716894978
geo110,Kvæfjord,NOR.17.11_1,district,15.979653576748662,68.69597332617434,2550,67.12328767123287
geo400,Hemsedal,NOR.4.6_1,district,8.465016652262522,60.911427597112144,2537,67.35159817351598
geo196,Vik,NOR.14.26_1,district,6.543368446485248,61.02136202954394,2533,67.57990867579909
geo177,Grong,NOR.9.4_1,district,12.590296717430272,64.51364485657079,2493,67.8082191780822
geo379,Kviteseid,NOR.16.7_1,district,8.486279822658503,59.37011210732981,2490,68.0365296803653
geo392,Nordkapp,NOR.5.14_1,district,25.80333610270771,70.92497966293402,2482,68.2648401826484
geo162,Frosta,NOR.9.3_1,district,10.78562635115903,63.60451086027356,2477,68.4931506849315
geo131,Siljan,NOR.16.14_1,district,9.720910284516258,59.30837864758127,2464,68.72146118721462
geo163,Aure,NOR.8.3_1,district,8.598518176300058,63.276029410290285,2454,68.94977168949772
geo146,Ullensvang,NOR.7.31_1,district,6.9276955922595445,60.23464350405461,2448,69.17808219178082
geo316,Hjelmeland,NOR.13.9_1,district,6.4451691384166585,59.224372943947344,2448,69.40639269406392
geo249,Selje,NOR.14.21_1,district,5.2965276000951,62.07786616003332,2429,69.63470319634703
geo329,Ballangen,NOR.10.3_1,district,16.792704972545238,68.26277163024648,2409,69.86301369863014
geo312,Lesja,NOR.11.7_1,district,8.634395423959184,62.1936454764307,2398,70.09132420091323
geo201,Lom,NOR.11.9_1,district,8.486875802661556,61.71507118184414,2388,70.31963470319634
geo225,Gjemnes,NOR.8.9_1,district,7.823410046023676,62.89382171335431,2377,70.54794520547945
geo15,Sande,NOR.8.23_1,district,5.566878080609684,62.20887070061104,2377,70.77625570776256
geo52,Marnardal,NOR.18.11_1,district,7.54436591299381,58.29559477274456,2370,71.00456621004567
geo203,Verran,NOR.9.23_1,district,10.888423543558003,63.979180894507095,2359,71.23287671232876
geo226,Krødsherad,NOR.4.11_1,district,9.665378493265408,60.197816455806375,2355,71.46118721461188
geo208,Vestre Slidre,NOR.11.25_1,district,8.883884013777237,61.03568008448151,2303,71.68949771689498
geo90,Tokke,NOR.16.17_1,district,7.913859578917088,59.45817610806459,2267,71.91780821917808
geo255,Skjåk,NOR.11.19_1,district,7.890836146319096,61.93207904729486,2252,72.14611872146118
geo191,Rælingen,NOR.1.16_1,district,11.07581067546284,59.87723618938195,2221,72.3744292237443
geo95,Lærdal,NOR.14.17_1,district,7.744593191753781,61.04029711875535,2173,72.6027397260274
geo362,Snåsa,NOR.9.19_1,district,12.625010422734585,64.20309667240782,2165,72.8310502283105
geo76,Samnanger,NOR.7.26_1,district,5.807500339283662,60.403723595857535,2157,73.0593607305936
geo380,Vegårshei,NOR.3.15_1,district,8.824689152781342,58.760695676156594,2156,73.28767123287672
geo320,Steigen,NOR.10.36_1,district,15.293433492705002,67.81359499220851,2150,73.51598173515981
geo109,Hof,NOR.19.3_1,district,10.048148893962162,59.5511205774874,2144,73.74429223744292
geo373,Båtsfjord,NOR.5.2_1,district,29.93783229483568,70.49613950963433,2133,73.97260273972603
geo279,Rindal,NOR.8.22_1,district,9.292604125541745,63.03788220615319,2132,74.20091324200914
geo119,Tysnes,NOR.7.30_1,district,5.5507734673119815,59.99287942710466,2131,74.42922374429224
geo50,Oelen,NOR.7.21_1,district,5.697317192016679,59.61056053360962,2120,74.65753424657534
geo423,Salangen,NOR.17.18_1,district,17.874497480003875,68.89141991663048,2076,74.88584474885845
geo409,Sømna,NOR.10.33_1,district,12.236360183658045,65.32248258716544,2053,75.11415525114155
geo185,Ørskog,NOR.8.19_1,district,6.921295592490056,62.4820594750168,2045,75.34246575342466
geo396,Leikanger,NOR.14.18_1,district,6.78483580647557,61.2389862901791,2039,75.57077625570776
geo253,Holtålen,NOR.15.7_1,district,11.244114772342751,62.85229633169445,2037,75.79908675799086
geo187,Leirfjord,NOR.10.20_1,district,13.0810920174134,66.09154978361076,1993,76.02739726027397
geo23,Gulen,NOR.14.12_1,district,5.222298638278917,60.968582897655686,1984,76.25570776255708
geo233,Os,NOR.6.13_1,district,11.30048577161729,62.446249582831406,1975,76.48401826484019
geo389,Sørfold,NOR.10.34_1,district,15.790249918148229,67.50774436290368,1867,76.71232876712328
geo204,Smøla,NOR.8.26_1,district,8.002511054689757,63.38297599134505,1867,76.9406392694064
geo434,Rendalen,NOR.6.14_1,district,11.274218574412773,61.82003397152028,1866,77.1689497716895
geo234,Gildeskål,NOR.10.13_1,district,14.110570989585346,66.97718170586164,1861,77.3972602739726
geo428,Åmli,NOR.3.1_1,district,8.341193009454205,58.80302698755154,1844,77.6255707762557
geo259,Tysfjord,NOR.10.39_1,district,16.48161273630106,67.98676035006059,1839,77.85388127853882
geo229,Kåfjord,NOR.17.9_1,district,20.775105234393124,69.46051941909788,1833,78.08219178082192
geo424,Audnedal,NOR.18.2_1,district,7.384195545701772,58.37821943697335,1830,78.31050228310502
geo368,Storfjord,NOR.17.22_1,district,20.3719018389216,69.22475221523464,1822,78.53881278538812
geo403,Karlsøy,NOR.17.10_1,district,19.416478950294103,70.05065986233734,1773,78.76712328767124
geo30,Hægebostad,NOR.18.5_1,district,7.203274689000181,58.478367202999934,1748,78.99543378995433
geo413,Aurland,NOR.14.3_1,district,7.235393358619436,60.85825757615734,1742,79.22374429223744
geo98,Skjerstad,NOR.10.32_1,district,15.026902871999374,67.11456978054065,1738,79.45205479452055
geo381,Nesna,NOR.10.26_1,district,13.021261911523707,66.2388846280622,1738,79.68036529680366
geo372,Balestrand,NOR.14.4_1,district,6.572339840381094,61.31928765796699,1690,79.90867579908677
geo73,Lurøy,NOR.10.22_1,district,12.9783794909673,66.40307529493018,1631,80.13698630136986
geo393,Norddal,NOR.8.18_1,district,7.446133038549488,62.25728991189176,1606,80.36529680365297
geo265,Folldal,NOR.6.7_1,district,10.01729595450366,62.17334501421515,1594,80.59360730593608
geo195,Tolga,NOR.6.19_1,district,11.076929421093409,62.35546940892444,1591,80.82191780821918
geo309,Hjartdal,NOR.16.5_1,district,8.699632582108311,59.701181356225646,1573,81.05022831050228
geo360,Vang,NOR.11.24_1,district,8.469460070839244,61.2182880574538,1572,81.27853881278538
geo69,Nissedal,NOR.16.8_1,district,8.538616109328103,59.06007070684373,1537,81.5068493150685
geo365,Grane,NOR.10.14_1,district,13.459367652689767,65.39934320538855,1500,81.7351598173516
geo57,Midsund,NOR.8.15_1,district,6.764277494674117,62.70093092416865,1491,81.9634703196347
geo345,Mandalseid,NOR.9.11_1,district,11.133976344227955,64.27809922311438,1482,82.1917808219178
geo142,Herøy,NOR.10.19_1,district,12.1925989483732,65.97516820457267,1472,82.42009132420091
geo72,Hamarøy,NOR.10.16_1,district,15.952068659282586,67.89501650998739,1470,82.64840182648402
geo236,Tranøy,NOR.17.24_1,district,17.31838338359888,69.17408652692032,1468,82.87671232876713
geo39,Aremark,NOR.2.1_1,district,11.6964900233601,59.21132464378785,1467,83.10502283105022
geo135,Halsa,NOR.8.10_1,district,8.494776418577723,63.10916903866463,1454,83.33333333333334
geo165,Hattfjelldal,NOR.10.17_1,district,14.142526721051942,65.50505207466267,1454,83.56164383561644
geo322,Etnedal,NOR.11.2_1,district,9.637226424635449,60.978806256803445,1442,83.78995433789954
geo102,Masfjorden,NOR.7.17_1,district,5.497647607667672,60.86304499171841,1432,84.01826484018264
geo364,Rollag,NOR.4.19_1,district,9.210316917045745,60.01110661420298,1427,84.24657534246576
geo248,Lierne,NOR.9.10_1,district,13.625667781348858,64.36832034408744,1426,84.47488584474885
geo41,Iveland,NOR.3.10_1,district,7.943387381467386,58.43901257548869,1399,84.70319634703196
geo416,Agdenes,NOR.15.2_1,district,9.6851084400596,63.515346175555685,1367,84.93150684931507
geo337,Fyresdal,NOR.16.4_1,district,8.058224998517504,59.159092196874624,1361,85.15981735159818
geo212,Engerdal,NOR.6.6_1,district,11.953246992526912,61.98222184282757,1358,85.38812785388129
geo79,Vardø,NOR.5.19_1,district,30.62835666317785,70.33204699644888,1350,85.61643835616438
geo215,Dønna,NOR.10.9_1,district,12.50140753331668,66.12237411239373,1321,85.84474885844749
geo166,Evenes,NOR.10.10_1,district,16.942582995962038,68.51150184300569,1308,86.0730593607306
geo149,Høylandet,NOR.9.5_1,district,12.359373652302097,64.74483367417697,1301,86.3013698630137
geo292,Hyllestad,NOR.14.15_1,district,5.274864994081687,61.18598344085002,1272,86.5296803652968
geo47,Ibestad,NOR.17.8_1,district,17.16239796595973,68.83124253401175,1256,86.7579908675799
geo20,Valle,NOR.3.14_1,district,7.432130054202834,59.16777006782533,1251,86.98630136986301
geo91,Lødingen,NOR.10.21_1,district,15.66961136250988,68.4436043649519,1236,87.21461187214612
geo256,Vega,NOR.10.43_1,district,11.92867304397369,65.66909769892624,1236,87.44292237442922
geo113,Bindal,NOR.10.5_1,district,12.577906524548627,65.10835970477054,1222,87.67123287671232
geo127,Hornindal,NOR.14.13_1,district,6.5920964740877634,61.99634916645157,1177,87.89954337899543
geo121,Flakstad,NOR.10.12_1,district,13.240423926686494,68.06472652432836,1171,88.12785388127854
geo242,Forsand,NOR.13.5_1,district,6.47826167041234,59.02152147443631,1167,88.35616438356165
geo228,Ulvik,NOR.7.32_1,district,7.174951225091751,60.61016002365845,1160,88.58447488584474
geo237,Tjeldsund,NOR.10.37_1,district,16.286763859133405,68.50896986977031,1145,88.81278538812786
geo296,Lebesby,NOR.5.10_1,district,26.766732429798573,70.48177175520193,1143,89.04109589041096
geo361,Bygland,NOR.3.4_1,district,7.659184769911621,58.88697060821768,1142,89.26940639269407
geo218,Måsøy,NOR.5.12_1,district,24.77771968752859,70.83556729088413,1140,89.49771689497716
geo155,Rødøy,NOR.10.29_1,district,13.414632262434782,66.56901232381124,1122,89.72602739726028
geo137,Flå,NOR.4.3_1,district,9.50179505490078,60.41549506917902,1106,89.95433789954338
geo377,Beiarn,NOR.10.4_1,district,14.662725139826724,66.8848988934287,1061,90.18264840182648
geo63,Kvænangen,NOR.17.12_1,district,22.063270769848668,69.7972420967096,1058,90.41095890410958
geo383,Dyrøy,NOR.17.5_1,district,17.697417605079615,69.0371565226487,1051,90.6392694063927
geo307,Lavangen,NOR.17.13_1,district,17.799344199807887,68.72532006961316,1016,90.8675799086758
geo176,Bykle,NOR.3.5_1,district,7.205607905095616,59.44158969833324,991,91.0958904109589
geo152,Hasvik,NOR.5.6_1,district,22.468323894086268,70.55617302169081,972,91.32420091324201
geo311,Åseral,NOR.18.1_1,district,7.4008441695341,58.70184110893269,967,91.55251141552512
geo169,Jondal,NOR.7.13_1,district,6.34694658269713,60.26720332518874,955,91.78082191780823
geo347,Granvin,NOR.7.12_1,district,6.693053090579456,60.54948654227572,943,92.00913242009132
geo158,Stordal,NOR.8.27_1,district,7.130431536722595,62.39777364255543,940,92.23744292237443
geo207,Eidfjord,NOR.7.6_1,district,7.355506852712617,60.368854389187774,922,92.46575342465754
geo198,Osen,NOR.15.16_1,district,10.642855656868967,64.27272953915963,914,92.69406392694064
geo56,Namsskogan,NOR.9.16_1,district,13.015016788225571,64.8677659663574,912,92.92237442922374
geo183,Nesseby,NOR.5.13_1,district,28.776234724928383,70.13627211190594,891,93.15068493150685
geo415,Loppa,NOR.5.11_1,district,21.947123086336983,70.20987204329964,881,93.37899543378995
geo123,Berlevåg,NOR.5.3_1,district,29.04261109129838,70.6795791174492,874,93.60730593607306
geo325,Tydal,NOR.15.25_1,district,11.807229275479886,63.00624658189119,861,93.83561643835617
geo200,Snillfjord,NOR.15.23_1,district,9.409738249153332,63.41512824515181,847,94.06392694063926
geo354,Gamvik,NOR.5.4_1,district,27.9045044777747,70.79449930230626,834,94.29223744292237
geo129,Kvalsund,NOR.5.9_1,district,24.177538580994582,70.41867734149416,827,94.52054794520548
geo231,Gratangen,NOR.17.6_1,district,17.510810265345192,68.68730667481178,821,94.74885844748859
geo418,Roan,NOR.15.19_1,district,10.403919994724166,64.15789750923764,803,94.97716894977168
geo398,Flatanger,NOR.9.1_1,district,10.860496201381432,64.43074427313091,789,95.2054794520548
geo431,Bokn,NOR.13.2_1,district,5.431996846904103,59.20964953749144,767,95.4337899543379
geo254,Mosvik,NOR.9.13_1,district,10.880639643491994,63.817445017882726,730,95.662100456621
geo151,Moskenes,NOR.10.24_1,district,12.978785845323248,67.93001844537105,721,95.8904109589041
geo425,Rømskog,NOR.2.16_1,district,11.806478225831636,59.7126233259193,707,96.11872146118722
geo223,Sandøy,NOR.8.24_1,district,6.472627227958664,62.7623198051602,662,96.34703196347031
geo410,Tustna,NOR.8.34_1,district,8.104383962878735,63.18608184242288,661,96.57534246575342
geo66,Solund,NOR.14.23_1,district,4.870288548256595,61.11088344272733,651,96.80365296803653
geo270,Torsken,NOR.17.23_1,district,17.106023216110334,69.29280615698589,651,97.03196347031964
geo405,Berg,NOR.17.3_1,district,17.40614497271638,69.40666405362063,604,97.26027397260275
geo43,Værøy,NOR.10.40_1,district,12.66503724862532,67.67112057969587,604,97.48858447488584
geo188,Fosnes,NOR.9.2_1,district,11.739853791213214,64.69848208688136,592,97.71689497716895
geo395,Leka,NOR.9.7_1,district,11.706897275133802,65.08805361922725,574,97.94520547945206
geo184,Fedje,NOR.7.8_1,district,4.72144457199115,60.7683919629323,540,98.17351598173516
geo9,Røyrvik,NOR.9.18_1,district,13.637530438518564,64.90048812060802,521,98.40182648401826
geo323,Røst,NOR.10.30_1,district,12.070774060057088,67.50777556498144,450,98.63013698630137
geo81,Kvitsøy,NOR.13.12_1,district,5.417300758000575,59.05821673969649,444,98.85844748858447
geo10,Vevelstad,NOR.10.45_1,district,12.700171587207311,65.63729959280542,439,99.08675799086758
geo339,Modalen,NOR.7.19_1,district,5.935455964880168,60.88810437005491,392,99.31506849315068
geo87,Træna,NOR.10.38_1,district,12.135194663503352,66.52656478605755,211,99.54337899543378
geo369,Utsira,NOR.13.25_1,district,4.884710789800052,59.30629995457085,209,99.77168949771689
geo353,Bjarkøy,NOR.17.4_1,district,16.546163964710527,68.96974274212992,155,100.0
