id,name,geoJsonValue,type,centroid_longitude,centroid_latitude,population,population_percentile,near_tc,dist_tc,near_pu,dist_pu,near_h,dist_h,home_capacity
geo44,Berlin,DEU.3.1_1,district,13.401850256823437,52.50153158129916,3565915,0.24813895781637718,hospital279,0.03836228980932092,pharmacy1726,0.006342096387532321,home44,0,True
geo265,Hamburg,DEU.6.1_1,district,10.020794331728831,53.5463773489584,1798518,0.49627791563275436,hospital277,0.06376760224171674,pharmacy6527,0.006132946813000478,home265,0,True
geo335,München (Kreisfreie Stadt),DEU.2.54_1,district,11.547244252649932,48.15321317422355,1385672,0.7444168734491315,hospital312,0.018770410682206244,pharmacy13589,0.0034096948396601435,home335,0,True
geo386,Region Hannover,DEU.9.34_1,district,9.719799047073597,52.42193707349777,1105514,0.9925558312655087,hospital262,0.037539247753983776,pharmacy6193,0.01591664070036879,home386,0,True
geo263,Köln,DEU.10.24_1,district,6.973218551509506,50.94566687936953,984729,1.240694789081886,hospital48,0.03514341706844496,pharmacy5761,0.00899424900920251,home263,0,True
geo150,Frankfurt am Main,DEU.7.4_1,district,8.644190394638914,50.11796810396783,687959,1.488833746898263,hospital101,0.028778369544142847,pharmacy5397,0.0007820270456356869,home150,0,True
geo326,Stuttgart,DEU.1.40_1,district,9.172067987796032,48.77453396415202,608135,1.7369727047146404,hospital168,0.011774728603839676,pharmacy2917,0.0004238266167550797,home326,0,True
geo274,Recklinghausen,DEU.10.38_1,district,7.159248939053269,51.67248391611668,607700,1.9851116625310175,hospital310,0.13492712952166744,pharmacy8452,0.019053623334142213,home274,0,True
geo300,Rhein-Sieg-Kreis,DEU.10.42_1,district,7.234573028318311,50.760638914034615,578509,2.2332506203473943,hospital195,0.14190797994619853,pharmacy6849,0.015506181727046237,home300,0,True
geo64,Düsseldorf,DEU.10.10_1,district,6.810202623927407,51.2354569592018,568787,2.481389578163772,hospital173,0.01067226323695959,pharmacy11465,0.0035187585461684484,home64,0,True
geo199,Dortmund,DEU.10.7_1,district,7.474900905050412,51.516077571396806,562391,2.729528535980149,hospital82,0.0197367886773291,pharmacy15265,0.0025054131536220545,home199,0,True
geo38,Essen,DEU.10.12_1,district,7.017153915959004,51.43383276619088,554782,2.977667493796526,hospital256,0.020615624873155644,pharmacy15081,0.006660716011660867,home38,0,True
geo205,Städteregion Aachen,DEU.10.47_1,district,6.216727218085655,50.72750461291015,548310,3.225806451612903,hospital97,0.09340130538227971,pharmacy3543,0.005805603133851378,home205,0,True
geo96,Bremen,DEU.5.1_1,district,8.780493697526383,53.11954351726078,547528,3.4739454094292808,hospital304,0.565818789998616,pharmacy4223,0.011884749977720212,home96,0,True
geo31,Rhein-Neckar-Kreis,DEU.1.35_1,district,8.767084520019136,49.36848502786823,540695,3.722084367245657,hospital136,0.08941632422635538,pharmacy13495,0.015753581097723037,home31,0,True
geo53,Ludwigsburg,DEU.1.24_1,district,9.124344226531244,48.94060297396864,521699,3.970223325062035,hospital7,0.02875162584270734,pharmacy13680,0.014672827544679162,home53,0,True
geo398,Esslingen,DEU.1.11_1,district,9.369165748926491,48.6480216814585,515121,4.218362282878412,hospital200,0.14060389009851262,pharmacy6663,0.0033292210433279023,home398,0,True
geo363,Nürnberg,DEU.2.67_1,district,11.082755419600634,49.43621143965802,511306,4.466501240694789,hospital197,0.02611384269362907,pharmacy16838,0.004661136781484724,home363,0,True
geo343,Leipzig (Kreisfreie Stadt),DEU.14.6_1,district,12.37477175978194,51.342238599522645,503667,4.714640198511166,hospital64,0.32930266538832603,pharmacy10178,0.0012319452389122608,home343,0,True
geo301,Dresden,DEU.14.3_1,district,13.783449073962078,51.06644429254425,498830,4.962779156327544,hospital295,0.006663731191635256,pharmacy15153,0.005792221567401223,home301,0,True
geo30,Mettmann,DEU.10.29_1,district,6.969065183117424,51.25710435440063,481173,5.2109181141439205,hospital298,0.12683749766773325,pharmacy3666,0.0059199856267369635,home30,0,True
geo145,Duisburg,DEU.10.8_1,district,6.734691850064498,51.43961576909448,474008,5.459057071960298,hospital6,0.028107071965667897,pharmacy11677,0.008950150598137691,home145,0,True
geo311,Wesel,DEU.10.52_1,district,6.618362628813957,51.62704253993113,450037,5.707196029776675,hospital225,0.027545876049262834,pharmacy16270,0.017441632327012135,home311,0,True
geo329,Rhein-Erft-Kreis,DEU.10.40_1,district,6.716491019203968,50.90493302839624,447471,5.955334987593052,hospital29,0.06632651000680564,pharmacy13378,0.00889743307705816,home329,0,True
geo277,Karlsruhe,DEU.1.21_1,district,8.56279664113816,49.08188493546805,431367,6.20347394540943,hospital175,0.14933901983814296,pharmacy8148,0.010122095379457517,home277,0,True
geo387,Rhein-Kreis Neuss,DEU.10.41_1,district,6.649323166881555,51.14357123586132,430358,6.451612903225806,hospital89,0.13045432377016142,pharmacy6063,0.026353110254398862,home387,0,True
geo23,Steinfurt,DEU.10.48_1,district,7.579446712565285,52.21153667814167,427967,6.699751861042183,hospital28,0.3073594225902032,pharmacy10454,0.05731734173481584,home23,0,True
geo131,Märkischer Kreis,DEU.10.28_1,district,7.71300809903937,51.262611442045,415177,6.9478908188585615,hospital328,0.09369142397393805,pharmacy4118,0.04606046990885258,home131,0,True
geo138,Rems-Murr-Kreis,DEU.1.33_1,district,9.501212932656458,48.89900814033663,415146,7.196029776674938,hospital308,0.09103776486299195,pharmacy5735,0.030233767637043517,home138,0,True
geo227,Ortenaukreis,DEU.1.28_1,district,8.016219904885322,48.420971989845015,414835,7.444168734491314,hospital77,0.08201320696866382,pharmacy3294,0.016103477234727843,home227,0,True
geo333,Main-Kinzig-Kreis,DEU.7.14_1,district,9.286223036696937,50.24386451765673,403166,7.6923076923076925,hospital297,0.08452935603805035,pharmacy5225,0.007016744608860287,home333,0,True
geo306,Unna,DEU.10.49_1,district,7.636444585070094,51.5785745364819,393943,7.94044665012407,hospital52,0.06441925540629281,pharmacy2342,0.01815602102095733,home306,0,True
geo144,Böblingen,DEU.1.4_1,district,8.942777313942939,48.67822567786279,368433,8.188585607940446,hospital307,0.19791441568065077,pharmacy10641,0.014643202083422404,home144,0,True
geo14,Bochum,DEU.10.2_1,district,7.224935231816701,51.469927372124346,361111,8.436724565756824,hospital171,0.012899443052800873,pharmacy13020,0.00917097651201618,home14,0,True
geo92,Borken,DEU.10.4_1,district,6.899615612453743,51.96131983572486,357568,8.6848635235732,hospital285,0.27096829509167536,pharmacy13746,0.031771892179581186,home92,0,True
geo141,Osnabrück,DEU.9.30_1,district,8.04515735624993,52.381613909311966,346381,8.933002481389577,hospital3,0.14490044783313671,pharmacy176,0.017956283199591878,home141,0,True
geo344,Erzgebirgskreis,DEU.14.4_1,district,12.945072483216974,50.60889844332196,345248,9.181141439205955,hospital22,0.1001855294097789,pharmacy11748,0.04578305482917591,home344,0,True
geo287,Offenbach,DEU.7.19_1,district,8.811439146303293,50.02167746389958,343133,9.429280397022332,hospital253,0.14897873915458737,pharmacy15921,0.026648836039250244,home287,0,True
geo314,Gütersloh,DEU.10.15_1,district,8.351386052939878,51.93170893443144,342404,9.67741935483871,hospital237,0.12321961789356753,pharmacy4991,0.026665719771819644,home314,0,True
geo357,Wuppertal,DEU.10.53_1,district,7.168930082199978,51.2506036114007,338182,9.925558312655088,hospital57,0.0681143288610542,pharmacy3808,0.017652856436939757,home357,0,True
geo9,Lippe,DEU.10.27_1,district,8.95083727253661,51.98142265385172,337575,10.173697270471465,hospital234,0.08164915535185331,pharmacy5174,0.05016880244836699,home9,0,True
geo288,München,DEU.2.60_1,district,11.63136808178645,48.07447431828709,328990,10.421836228287841,hospital250,0.025319313114445654,pharmacy1855,0.014759864941306636,home288,0,True
geo155,Heilbronn,DEU.1.18_1,district,9.190778706797444,49.17719850939785,328790,10.669975186104217,hospital116,0.05363353115986716,pharmacy7028,0.014726554323561106,home155,0,True
geo310,Zwickau,DEU.14.13_1,district,12.52580550740205,50.75077479633947,320664,10.918114143920596,hospital301,0.10978609314714666,pharmacy16991,0.017560411557857876,home310,0,True
geo364,Ennepe-Ruhr-Kreis,DEU.10.11_1,district,7.324029333428031,51.346844791603154,318966,11.166253101736972,hospital127,0.09369960022552638,pharmacy5105,0.009730517924920221,home364,0,True
geo294,Bonn,DEU.10.3_1,district,7.109839409788516,50.70573461754155,318860,11.41439205955335,hospital188,0.006982855546580091,pharmacy16433,0.002080228233595765,home294,0,True
geo130,Bielefeld,DEU.10.1_1,district,8.540743897241567,52.010948623513706,313618,11.662531017369728,hospital46,0.009242479611756244,pharmacy10336,0.005037993680262737,home130,0,True
geo90,Mannheim,DEU.1.26_1,district,8.500324452585943,49.49941901758472,313392,11.910669975186105,hospital14,0.09796500371378712,pharmacy6033,0.0007732890111304363,home90,0,True
geo256,Ostalbkreis,DEU.1.29_1,district,10.09015729043119,48.87752593943789,308428,12.158808933002481,hospital63,0.41040241004184375,pharmacy11363,0.017576076979588722,home256,0,True
geo285,Mittelsachsen,DEU.14.9_1,district,13.137506813052791,50.95581664087096,308133,12.40694789081886,hospital61,0.026395769416306218,pharmacy15862,0.01927820712525448,home285,0,True
geo163,Regionalverband Saarbrücken,DEU.12.3_1,district,6.957296528397065,49.251382394851866,308008,12.655086848635236,hospital213,0.39192274498441465,pharmacy2096,0.006138575069627857,home163,0,True
geo222,Emsland,DEU.9.10_1,district,7.402688650165422,52.73829701550057,305022,12.903225806451612,hospital318,0.5113448022807523,pharmacy10662,0.06923019439482689,home222,0,True
geo70,Minden-Lübbecke,DEU.10.30_1,district,8.739348390409008,52.35247549954669,301658,13.151364764267989,hospital293,0.25968733603569516,pharmacy2052,0.017683613607051098,home70,0,True
geo83,Bautzen,DEU.14.1_1,district,14.231008523717108,51.2689135849809,301297,13.399503722084367,hospital303,0.17146445058664866,pharmacy6497,0.05266072440312186,home83,0,True
geo87,Pinneberg,DEU.15.9_1,district,9.736866726784424,53.718084058088095,300641,13.647642679900745,hospital277,0.26923312635289065,pharmacy16478,0.026948444483640085,home87,0,True
geo272,Kleve,DEU.10.23_1,district,6.25880908494062,51.65236313145328,298247,13.895781637717123,hospital224,0.13054611062937793,pharmacy15877,0.01829640418887415,home272,0,True
geo176,Wetteraukreis,DEU.7.25_1,district,8.907657059112077,50.35477647861332,296804,14.1439205955335,hospital75,0.1643577028869574,pharmacy15738,0.03290525139562108,home176,0,True
geo72,Karlsruhe (Stadtkreis),DEU.1.20_1,district,8.412669769725529,49.01133398578275,296156,14.392059553349876,hospital67,0.1703031146199884,pharmacy6702,0.004342777773077893,home72,0,True
geo260,Soest,DEU.10.45_1,district,8.217437437582163,51.56441049791136,293434,14.640198511166252,hospital169,0.4023178781277975,pharmacy11894,0.053001228436111845,home260,0,True
geo40,Paderborn,DEU.10.37_1,district,8.71963503349729,51.66417545643176,290856,14.888337468982629,hospital289,0.15857297695620448,pharmacy1133,0.00972543548371614,home40,0,True
geo261,Viersen,DEU.10.50_1,district,6.326120513189849,51.28282023843706,289864,15.136476426799009,hospital247,0.11725639508688504,pharmacy214,0.024911995909814553,home261,0,True
geo245,Darmstadt-Dieburg,DEU.7.2_1,district,8.795469879355146,49.85550385145493,288382,15.384615384615385,hospital258,0.2129217233355255,pharmacy13056,0.03144475316065947,home245,0,True
geo302,Münster,DEU.10.33_1,district,7.623646794956901,51.95431678621308,282159,15.632754342431761,hospital28,0.04644743640780135,pharmacy12013,0.0027350178049237186,home302,0,True
geo42,Reutlingen,DEU.1.34_1,district,9.365726212033566,48.40647640788552,279679,15.88089330024814,hospital200,0.285678491113827,pharmacy7758,0.053107936653948716,home42,0,True
geo116,Konstanz,DEU.1.22_1,district,8.915762992446025,47.793212793727015,279232,16.129032258064516,hospital239,0.0831546882381898,pharmacy2407,0.05653260913845126,home116,0,True
geo2,Wiesbaden,DEU.7.26_1,district,8.260366468977738,50.07915666646484,277217,16.377171215880892,hospital314,0.11351302906893407,pharmacy16222,0.007180493266926475,home2,0,True
geo174,Ravensburg,DEU.1.32_1,district,9.77989456125442,47.82504411432712,276678,16.62531017369727,hospital324,0.09161542498960895,pharmacy2473,0.014435654595101918,home174,0,True
geo258,Hildesheim,DEU.9.20_1,district,9.943480998373278,52.090218991903214,273382,16.87344913151365,hospital23,0.12232417799024153,pharmacy7368,0.02669736547393001,home258,0,True
geo264,Siegen-Wittgenstein,DEU.10.44_1,district,8.195170269177673,50.93773864479551,272534,17.121588089330025,hospital44,0.24359721790017178,pharmacy8663,0.07586769450184508,home264,0,True
geo172,Augsburg (Kreisfreie Stadt),DEU.2.9_1,district,10.885505360991498,48.34557086510837,270765,17.3697270471464,hospital62,0.0602408219276941,pharmacy7197,0.004062814936887451,home172,0,True
geo291,Oberbergischer Kreis,DEU.10.34_1,district,7.51662881724235,51.012709197281936,269692,17.617866004962778,hospital328,0.22903770199154158,pharmacy16130,0.027108738473818454,home291,0,True
geo214,Warendorf,DEU.10.51_1,district,7.958294932487719,51.870222793708585,267716,17.866004962779154,hospital30,0.19727806995847996,pharmacy5374,0.05148434985310373,home214,0,True
geo164,Rheinisch-Bergischer Kreis,DEU.10.43_1,district,7.1948465381438425,51.02300442647115,267126,18.11414392059553,hospital128,0.1136431726424386,pharmacy5014,0.02965114005354534,home164,0,True
geo41,Rendsburg-Eckernförde,DEU.15.11_1,district,9.78174203036652,54.289615708595264,265814,18.36228287841191,hospital59,0.2997962672297432,pharmacy7284,0.06698218038310087,home41,0,True
geo390,Bergstraße,DEU.7.1_1,district,8.660116068287692,49.61770126926953,261196,18.610421836228287,hospital14,0.18761985328276048,pharmacy14567,0.010309138908715848,home390,0,True
geo271,Görlitz,DEU.14.5_1,district,14.750808201448825,51.2256159729984,260355,18.858560794044664,hospital129,0.3018738095293753,pharmacy4602,0.09140832682569683,home271,0,True
geo354,Düren,DEU.10.9_1,district,6.445561609915388,50.81789505494709,258189,19.106699751861044,hospital97,0.20701390091222946,pharmacy3025,0.01601244776665016,home354,0,True
geo252,Mecklenburgische Seenplatte,DEU.8.2_1,district,13.00246062502602,53.54369274926008,257258,19.35483870967742,hospital219,0.6762027996701216,pharmacy3654,0.09134881714197474,home252,0,True
geo58,Groß-Gerau,DEU.7.7_1,district,8.470252477448469,49.90450860966937,256836,19.602977667493796,hospital314,0.24952872490609615,pharmacy5672,0.01188510735494521,home58,0,True
geo33,Hochsauerlandkreis,DEU.10.21_1,district,8.385079866524476,51.306825381001566,256583,19.851116625310176,hospital44,0.17354428753303625,pharmacy12724,0.01691586741302864,home33,0,True
geo80,Gießen,DEU.7.6_1,district,8.80751371735848,50.5702779051609,256132,20.099255583126553,hospital229,0.05756946793728136,pharmacy12626,0.02861564933258331,home80,0,True
geo266,Segeberg,DEU.15.13_1,district,10.140914733791645,53.91998577272014,254830,20.34739454094293,hospital59,0.21573575163260433,pharmacy2574,0.07448849817722937,home266,0,True
geo374,Rosenheim,DEU.2.78_1,district,12.162753954409611,47.87837974677325,252200,20.595533498759306,hospital284,0.1908146599673703,pharmacy1677,0.020846198504889907,home374,0,True
geo331,Göttingen,DEU.9.14_1,district,9.926235187639165,51.49893904700596,251869,20.843672456575682,hospital231,0.22825200371619495,pharmacy15005,0.019881067843171382,home331,0,True
geo19,Leipzig,DEU.14.7_1,district,12.599490895695808,51.22143667889403,251856,21.09181141439206,hospital64,0.3772960254551662,pharmacy3283,0.057833157164402876,home19,0,True
geo124,Lahn-Dill-Kreis,DEU.7.12_1,district,8.365328240110594,50.64826872990807,251516,21.339950372208435,hospital264,0.1642996590961684,pharmacy15652,0.03667467747199316,home124,0,True
geo399,Breisgau-Hochschwarzwald,DEU.1.7_1,district,7.924940889375171,47.924909342865504,250768,21.588089330024815,hospital211,0.12476060177832266,pharmacy8600,0.030408700491265334,home399,0,True
geo348,Göppingen,DEU.1.14_1,district,9.717504919651953,48.66314832749919,250725,21.83622828784119,hospital215,0.0737666288186037,pharmacy6683,0.024681131749691478,home348,0,True
geo201,Marburg-Biedenkopf,DEU.7.16_1,district,8.738043767872977,50.836863834370696,249714,22.084367245657567,hospital229,0.333029680637548,pharmacy7382,0.016926806955692743,home201,0,True
geo361,Mönchengladbach,DEU.10.31_1,district,6.411974473856014,51.16719359842543,248840,22.332506203473944,hospital247,0.1958082774285561,pharmacy1232,0.01472213427727996,home361,0,True
geo152,Heinsberg,DEU.10.18_1,district,6.164112924298181,51.04934890761214,245573,22.58064516129032,hospital97,0.2427229042441751,pharmacy2818,0.022324872142891746,home152,0,True
geo279,Gelsenkirchen,DEU.10.14_1,district,7.07124023768648,51.55395642159929,244683,22.8287841191067,hospital310,0.08930875896144377,pharmacy5513,0.010064509012235677,home279,0,True
geo284,Braunschweig,DEU.9.3_1,district,10.524108055165184,52.275221093153455,243618,23.076923076923077,hospital241,0.28856369848009417,pharmacy12929,0.0034849196623686412,home284,0,True
geo352,Meißen,DEU.14.8_1,district,13.482900682444392,51.23939774820558,241296,23.325062034739457,hospital207,0.07068964698386689,pharmacy5422,0.06749440658986712,home352,0,True
geo125,Harburg,DEU.9.17_1,district,9.962738891260363,53.31577337538029,241195,23.573200992555833,hospital277,0.2727394160676027,pharmacy678,0.012717833864456095,home125,0,True
geo328,Augsburg,DEU.2.10_1,district,10.732084534496828,48.35428718348613,239728,23.82133995037221,hospital62,0.11171960902704775,pharmacy9598,0.023474559773964555,home328,0,True
geo355,Herford,DEU.10.19_1,district,8.643931638663828,52.16757780699493,239352,24.069478908188586,hospital46,0.1923865950872538,pharmacy3457,0.011281726137350644,home355,0,True
geo228,Sächsische Schweiz-Osterzgebirge,DEU.14.11_1,district,13.873434050369934,50.916717942229496,237900,24.317617866004962,hospital240,0.08923261653949593,pharmacy14448,0.050435629803313495,home228,0,True
geo27,Kassel,DEU.7.11_1,district,9.407038869274643,51.40129616073214,236549,24.56575682382134,hospital65,0.38705608611510395,pharmacy16124,0.006844151965354412,home27,0,True
geo166,Kiel,DEU.15.4_1,district,10.132244327706427,54.32484070754733,233807,24.81389578163772,hospital59,0.2818554212554538,pharmacy15352,0.004359320906863031,home166,0,True
geo111,Chemnitz,DEU.14.2_1,district,12.911829901484705,50.826303694375305,230061,25.06203473945409,hospital315,0.13196360463179493,pharmacy7654,0.006621865028988033,home111,0,True
geo156,Vorpommern-Greifswald,DEU.8.7_1,district,13.802882131545628,53.79069381521692,229245,25.31017369727047,hospital114,0.22483664068028494,pharmacy3914,0.03121616527302257,home156,0,True
geo244,Vogtlandkreis,DEU.14.12_1,district,12.234999618548708,50.45679293934716,228808,25.55831265508685,hospital51,0.31055641622571034,pharmacy7265,0.07467047092870811,home244,0,True
geo52,Freiburg im Breisgau,DEU.1.12_1,district,7.818075962231168,47.99252299579449,227903,25.806451612903224,hospital322,0.13798545605772908,pharmacy17002,0.0025237351110945373,home52,0,True
geo6,Main-Taunus-Kreis,DEU.7.15_1,district,8.434571227210007,50.10257891979648,227789,26.054590570719604,hospital101,0.21570293656019315,pharmacy15598,0.018761353543244565,home6,0,True
geo190,Hochtaunuskreis,DEU.7.9_1,district,8.504646055591587,50.2816152593887,227359,26.302729528535977,hospital317,0.13828015475013763,pharmacy3414,0.014524487366725543,home190,0,True
geo158,Stormarn,DEU.15.15_1,district,10.331639889254118,53.7208006059689,226572,26.550868486352357,hospital277,0.38254042087973544,pharmacy10394,0.0637458030331609,home158,0,True
geo212,Krefeld,DEU.10.25_1,district,6.579668006184447,51.34521914300515,226127,26.799007444168733,hospital247,0.16892903034403314,pharmacy13764,0.007785623902409308,home212,0,True
geo3,Rastatt,DEU.1.31_1,district,8.24124762874841,48.76181925294296,226075,27.04714640198511,hospital67,0.16080779628651767,pharmacy10031,0.00019956972207106836,home3,0,True
geo48,Tübingen,DEU.1.41_1,district,8.987633869263062,48.4817379271122,221328,27.29528535980149,hospital307,0.03920741223452856,pharmacy15054,0.02169575839990674,home48,0,True
geo126,Lörrach,DEU.1.23_1,district,7.77402882295863,47.70350401395125,218600,27.543424317617866,hospital166,0.13946148691999732,pharmacy9281,0.05782477784772335,home126,0,True
geo346,Fulda,DEU.7.5_1,district,9.759139144932671,50.56388096778856,215778,27.791563275434246,hospital12,0.3019274356262561,pharmacy16533,0.03876771340295933,home346,0,True
geo330,Vorpommern-Rügen,DEU.8.8_1,district,12.991523635657032,54.284202929322255,212272,28.03970223325062,hospital219,0.4524637643963288,pharmacy14306,0.054270416200223194,home330,0,True
geo88,Halle (Saale),DEU.13.6_1,district,11.968496827287218,51.47980192285481,212111,28.287841191067,hospital92,0.4011774500416881,pharmacy11232,0.000889809846006704,home88,0,True
geo213,Coesfeld,DEU.10.6_1,district,7.36601223351704,51.86685104183807,211699,28.53598014888337,hospital285,0.21067113634377116,pharmacy8666,0.002914907139943629,home213,0,True
geo17,Magdeburg,DEU.13.9_1,district,11.641482044431616,52.11659766507669,210723,28.78411910669975,hospital92,0.3323317580966716,pharmacy9641,0.007824553453151572,home17,0,True
geo78,Mayen-Koblenz,DEU.11.21_1,district,7.33216942705987,50.33160786185566,208459,29.03225806451613,hospital195,0.43156946644067035,pharmacy10437,0.03751560977362231,home78,0,True
geo341,Bodenseekreis,DEU.1.6_1,district,9.400770014812966,47.73346028641589,208354,29.280397022332505,hospital238,0.1993915388080797,pharmacy15326,0.018512559078491374,home341,0,True
geo24,Fürstenfeldbruck,DEU.2.35_1,district,11.201077602322542,48.18779329474881,207858,29.528535980148884,hospital8,0.19050027326314808,pharmacy5298,0.03447090568873322,home24,0,True
geo231,Harz,DEU.13.7_1,district,10.95854381109175,51.82129589247042,207785,29.776674937965257,hospital254,0.028639701106064383,pharmacy11199,0.021657244574950375,home231,0,True
geo299,Lübeck,DEU.15.5_1,district,10.727283071933504,53.8723167048157,207729,30.024813895781637,hospital230,0.01973323379958169,pharmacy16965,0.008010579740268276,home299,0,True
geo204,Oberhausen,DEU.10.35_1,district,6.847120498036915,51.51313135297048,207289,30.272952853598017,hospital243,0.0054400564535188635,pharmacy3704,0.002430836349308088,home204,0,True
geo133,Diepholz,DEU.9.8_1,district,8.70179913653514,52.72848576712288,206349,30.52109181141439,hospital293,0.4641816822272744,pharmacy14188,0.09114005751375426,home133,0,True
geo25,Ludwigslust-Parchim,DEU.8.1_1,district,11.534141636157871,53.45004703635606,205451,30.76923076923077,hospital33,0.12432901863861401,pharmacy4040,0.092604750441985,home25,0,True
geo85,Schwarzwald-Baar-Kreis,DEU.1.38_1,district,8.410964371735075,48.01911972886335,205030,31.017369727047146,hospital91,0.24249509312711093,pharmacy14234,0.05454777865807572,home85,0,True
geo0,Rostock,DEU.8.5_1,district,12.220833832984257,53.91204550412176,202869,31.265508684863523,hospital33,0.927232417277169,pharmacy4352,0.10307887544245184,home0,0,True
geo253,Mainz-Bingen,DEU.11.19_1,district,8.079648752330037,49.92201388344376,200224,31.5136476426799,hospital314,0.15728261035281035,pharmacy1438,0.013632234519403107,home253,0,True
geo26,Potsdam-Mittelmark,DEU.4.13_1,district,12.68914355575885,52.24629466877986,199283,31.76178660049628,hospital233,0.4085864503876552,pharmacy15195,0.08722712303468041,home26,0,True
geo46,Mainz,DEU.11.20_1,district,8.241497084714972,49.974186522394255,197893,32.00992555831266,hospital314,0.012772249105487373,pharmacy1403,0.0034704081387899564,home46,0,True
geo171,Ostholstein,DEU.15.8_1,district,10.81942700165964,54.18964900929805,196565,32.25806451612903,hospital96,0.23056724421270744,pharmacy14863,0.056405906875447914,home171,0,True
geo143,Oberhavel,DEU.4.9_1,district,13.205302162001376,52.90683265259972,196282,32.50620347394541,hospital279,0.46016216159923345,pharmacy2065,0.0503779350716933,home143,0,True
geo74,Enzkreis,DEU.1.10_1,district,8.73708119168912,48.91446693469851,195101,32.754342431761785,hospital154,0.07401069683580129,pharmacy16675,0.009636270786031518,home74,0,True
geo389,Westerwaldkreis,DEU.11.34_1,district,7.865681372225028,50.55234937603295,194860,33.002481389578165,hospital226,0.10891048207030463,pharmacy12522,0.0668423458122771,home389,0,True
geo136,Cuxhaven,DEU.9.6_1,district,8.81238233767715,53.61658650072353,194752,33.25062034739454,hospital304,0.782328651878188,pharmacy16875,0.02839876754606143,home136,0,True
geo230,Kassel (Kreisfreie Stadt),DEU.7.10_1,district,9.460203095603504,51.311454808814574,194452,33.49875930521092,hospital257,0.43160444138295845,pharmacy8472,0.005038671454072187,home230,0,True
geo396,Nordsachsen,DEU.14.10_1,district,12.779396759059091,51.47286507992146,193582,33.7468982630273,hospital81,0.21473274319601005,pharmacy5731,0.04884513291940555,home396,0,True
geo384,Rostock (Kreisfreie Stadt),DEU.8.4_1,district,12.14174712190436,54.146388393776775,192937,33.99503722084367,hospital33,1.0387258645685054,pharmacy9411,0.031695324985237285,home384,0,True
geo224,Stade,DEU.9.38_1,district,9.418070361394886,53.57897622646023,192246,34.24317617866005,hospital277,0.554777545733264,pharmacy9731,0.008576302281721286,home224,0,True
geo375,Erfurt,DEU.16.4_1,district,11.020224834230172,50.98325268780324,189581,34.49131513647642,hospital18,0.12093852746170365,pharmacy7645,0.002464217592383807,home375,0,True
geo50,Saarlouis,DEU.12.4_1,district,6.775543339314607,49.35534154789485,188998,34.7394540942928,hospital213,0.5718010670081232,pharmacy12513,0.020773152768082507,home50,0,True
geo368,Alb-Donau-Kreis,DEU.1.1_1,district,9.827447084875269,48.40171140056382,188786,34.98759305210918,hospital296,0.09285181111276751,pharmacy13902,0.03846409830963178,home368,0,True
geo338,Biberach,DEU.1.3_1,district,9.774254366711771,48.10758263825309,188684,35.235732009925556,hospital223,0.16809515095747246,pharmacy13494,0.0060738006601593186,home338,0,True
geo327,Passau,DEU.2.71_1,district,13.366603574501234,48.55863044360919,188480,35.483870967741936,hospital196,0.15635888537663822,pharmacy3045,0.039122477893612076,home327,0,True
geo225,Schwäbisch Hall,DEU.1.37_1,district,9.908932165960069,49.144468963490766,188218,35.73200992555831,hospital125,0.167691963027987,pharmacy8958,0.027652579234740144,home225,0,True
geo275,Regensburg,DEU.2.75_1,district,12.121161235538846,49.021343327376165,187663,35.98014888337469,hospital90,0.344124575580184,pharmacy9476,0.007484403561271304,home275,0,True
geo192,Salzlandkreis,DEU.13.12_1,district,11.642725563499702,51.85185918192668,187478,36.22828784119106,hospital92,0.09547179343866638,pharmacy16678,0.04540569649004257,home192,0,True
geo349,Zollernalbkreis,DEU.1.45_1,district,8.937428401124272,48.26723890807684,186864,36.47642679900744,hospital15,0.20998805908221552,pharmacy7865,0.048510321127149286,home349,0,True
geo239,Schleswig-Flensburg,DEU.15.12_1,district,9.488709270272176,54.61901953605782,185942,36.72456575682382,hospital59,0.7403150003632811,pharmacy10519,0.09616953831892915,home239,0,True
geo187,Märkisch-Oderland,DEU.4.8_1,district,14.1464647062727,52.60672309846841,185194,36.972704714640194,hospital248,0.11627003406533462,pharmacy7453,0.08284354655913016,home187,0,True
geo66,Euskirchen,DEU.10.13_1,district,6.6441523799730575,50.53647351778121,184534,37.220843672456574,hospital29,0.42077897156352617,pharmacy9066,0.04645028346950294,home66,0,True
geo56,Herzogtum Lauenburg,DEU.15.3_1,district,10.601859247932529,53.58900243382756,182972,37.468982630272954,hospital266,0.29387913172100166,pharmacy436,0.07477143114397605,home56,0,True
geo93,Rheingau-Taunus-Kreis,DEU.7.20_1,district,8.081134687653545,50.14197171878957,182442,37.71712158808933,hospital314,0.2271463990682761,pharmacy8461,0.01036498701303757,home93,0,True
geo99,Aurich,DEU.9.2_1,district,7.368089598719592,53.49643075901122,182030,37.96526054590571,hospital305,0.6000561233373665,pharmacy12543,0.034450845276466496,home99,0,True
geo193,Hagen,DEU.10.16_1,district,7.497555537540111,51.348045073208354,181207,38.21339950372209,hospital203,0.037351157880112784,pharmacy8190,0.0030938002505357413,home193,0,True
geo154,Schwalm-Eder-Kreis,DEU.7.21_1,district,9.37365233854275,51.02377581972529,180780,38.46153846153847,hospital257,0.30687768474476274,pharmacy12841,0.027213948651224687,home154,0,True
geo276,Ansbach,DEU.2.6_1,district,10.46813340546668,49.24816457455155,180534,38.70967741935484,hospital66,0.25607465178888705,pharmacy15453,0.030841933553992767,home276,0,True
geo385,Oder-Spree,DEU.4.11_1,district,14.21905991740781,52.24400849661184,176668,38.95781637717122,hospital102,0.33277829001928155,pharmacy9895,0.07579144202344193,home385,0,True
geo183,Saalekreis,DEU.13.11_1,district,11.865473978054103,51.42567104670376,176620,39.20595533498759,hospital92,0.39599911027538737,pharmacy16125,0.038504731148459724,home183,0,True
geo366,Hamm,DEU.10.17_1,district,7.82358619297522,51.66517439799288,176234,39.45409429280397,hospital169,0.006696622473149278,pharmacy16180,0.006458804150836569,home366,0,True
geo317,Neuwied,DEU.11.23_1,district,7.469000651752115,50.55770054669719,176118,39.70223325062035,hospital226,0.2916170184392817,pharmacy4127,0.05212182208774871,home317,0,True
geo391,Burgenlandkreis,DEU.13.4_1,district,11.883422515520367,51.1472256082857,173655,39.950372208436725,hospital274,0.3230716839050258,pharmacy949,0.05703048076301444,home391,0,True
geo112,Lüneburg,DEU.9.24_1,district,10.573257029998464,53.23257535749288,173229,40.198511166253105,hospital39,0.17964325404435616,pharmacy13850,0.052350695286261933,home112,0,True
geo89,Celle,DEU.9.4_1,district,10.10354707778832,52.71335450637883,172850,40.44665012406948,hospital174,0.08566477405197705,pharmacy12108,0.05948113973533983,home89,0,True
geo188,Aschaffenburg,DEU.2.8_1,district,9.238037497011478,50.00809312631127,172757,40.69478908188586,hospital297,0.3051797905323199,pharmacy13980,0.02228884473563897,home188,0,True
geo47,Traunstein,DEU.2.89_1,district,12.579575036357816,47.89454276165305,172241,40.94292803970223,hospital140,0.1451719781801402,pharmacy6446,0.04063410906149876,home47,0,True
geo197,Barnim,DEU.4.1_1,district,13.703731264896234,52.823228033130114,171969,41.19106699751861,hospital248,0.436257655492651,pharmacy4765,0.03130854403904947,home197,0,True
geo206,Gifhorn,DEU.9.12_1,district,10.604155154421978,52.58025416455279,170111,41.43920595533499,hospital241,0.39421873893983445,pharmacy4741,0.03530188669985653,home206,0,True
geo105,Freising,DEU.2.33_1,district,11.740671693191205,48.44735698042474,169328,41.687344913151364,hospital269,0.25366310007629744,pharmacy7757,0.02993989196421758,home105,0,True
geo34,Limburg-Weilburg,DEU.7.13_1,district,8.19943721149717,50.427470350235495,169143,41.935483870967744,hospital264,0.32544494689208764,pharmacy1083,0.0308591753287646,home34,0,True
geo134,Nürnberger Land,DEU.2.66_1,district,11.369406523408662,49.49190394603619,167057,42.18362282878412,hospital94,0.18275516214606954,pharmacy14925,0.05971724249724726,home134,0,True
geo65,Waldshut,DEU.1.44_1,district,8.218892393867693,47.697133467803866,165402,42.4317617866005,hospital21,0.06531410169691937,pharmacy9128,0.06442069066327095,home65,0,True
geo18,Neu-Ulm,DEU.2.61_1,district,10.141155814817369,48.298226550965886,162324,42.67990074441687,hospital251,0.059413734242329055,pharmacy13124,0.018662587342856515,home18,0,True
geo178,Würzburg,DEU.2.96_1,district,9.92736342170266,49.73762668195838,161368,42.92803970223325,hospital235,0.054688311463098445,pharmacy11613,0.011745273947424546,home178,0,True
geo151,Osnabrück (Kreisfreie Stadt),DEU.9.29_1,district,8.04703290960941,52.27767981794522,160560,43.17617866004963,hospital3,0.24258101680963015,pharmacy8043,0.0025933264485390947,home151,0,True
geo114,Börde,DEU.13.3_1,district,11.347838346048952,52.22071223605848,160548,43.424317617866,hospital118,0.30449530827470084,pharmacy8828,0.07297850410834295,home114,0,True
geo45,Leer,DEU.9.22_1,district,7.4697616412624095,53.2435417358617,160127,43.67245657568238,hospital305,0.4489771722186286,pharmacy14954,0.009713881244119827,home45,0,True
geo16,Waldeck-Frankenberg,DEU.7.23_1,district,8.888884220277282,51.1906875735324,159894,43.920595533498755,hospital257,0.20675241805836755,pharmacy12438,0.05694181207434542,home16,0,True
geo393,Nordfriesland,DEU.15.7_1,district,8.88688773647209,54.609564014719055,159887,44.168734491315135,hospital59,1.2285481018247622,pharmacy3901,0.07810778821214286,home393,0,True
geo97,Mülheim an der Ruhr,DEU.10.32_1,district,6.878461621091031,51.41378149391604,159615,44.41687344913151,hospital243,0.10957878495356196,pharmacy10494,0.009260944582660332,home97,0,True
geo308,Oldenburg (Kreisfreie Stadt),DEU.9.27_1,district,8.224359039553535,53.1445781699522,159262,44.66501240694789,hospital304,0.03420027498574332,pharmacy1667,0.003755294347458744,home308,0,True
geo185,Ludwigshafen am Rhein,DEU.11.18_1,district,8.396844536057255,49.48208766594853,158970,44.91315136476427,hospital14,0.135772074413739,pharmacy14066,0.009770053335041516,home185,0,True
geo378,Rotenburg (Wümme),DEU.9.35_1,district,9.306584835360873,53.2507583902681,158590,45.16129032258064,hospital277,0.7468298892412676,pharmacy1603,0.05174280029297097,home378,0,True
geo219,Herne,DEU.10.20_1,district,7.208557615218528,51.53753323559777,158097,45.40942928039702,hospital310,0.049527223152726924,pharmacy8092,0.012698603692997227,home219,0,True
geo128,Anhalt-Bitterfeld,DEU.13.2_1,district,12.143202039452277,51.79544502506029,158087,45.6575682382134,hospital92,0.4251499985239867,pharmacy3117,0.04381630249972876,home128,0,True
geo49,Emmendingen,DEU.1.9_1,district,7.897550388143661,48.14851207043614,157943,45.90570719602978,hospital49,0.04609299949517021,pharmacy8995,0.036254645897143625,home49,0,True
geo210,Teltow-Fläming,DEU.4.17_1,district,13.276018195997391,52.07318431326919,157590,46.15384615384615,hospital280,0.37280462168148804,pharmacy13437,0.09863407703315731,home210,0,True
geo371,Dahme-Spreewald,DEU.4.4_1,district,13.819940778164822,52.04230692866316,157139,46.40198511166253,hospital221,0.4245736894901955,pharmacy4611,0.08339357809403845,home371,0,True
geo61,Leverkusen,DEU.10.26_1,district,7.01547411052981,51.05306626055953,156998,46.65012406947891,hospital232,0.028427024376209985,pharmacy10457,0.008029461063509956,home61,0,True
geo103,Calw,DEU.1.8_1,district,8.635769820110397,48.67899906479187,156268,46.898263027295286,hospital84,0.11239353602524323,pharmacy14834,0.0539078693006682,home103,0,True
geo316,Schaumburg,DEU.9.37_1,district,9.206561904798368,52.29279232588329,155728,47.146401985111666,hospital293,0.22255263890749444,pharmacy7662,0.030381980880952144,home316,0,True
geo146,Cloppenburg,DEU.9.5_1,district,7.904713928529471,52.911029003866425,155149,47.39454094292804,hospital124,0.2453636417181285,pharmacy14714,0.05638253297373809,home146,0,True
geo98,Landshut,DEU.2.51_1,district,12.19539241786542,48.55775541365773,154515,47.64267990074442,hospital246,0.2227808619232502,pharmacy2837,0.020986684163441623,home98,0,True
geo324,Potsdam,DEU.4.14_1,district,13.028549174810506,52.42617849376944,154503,47.8908188585608,hospital233,0.044778170207905664,pharmacy907,0.011657863185204799,home324,0,True
geo380,Bad Kreuznach,DEU.11.5_1,district,7.686664974285255,49.824820412103705,153094,48.13895781637717,hospital302,0.23256221058836393,pharmacy16086,0.0301468587089663,home380,0,True
geo377,Solingen,DEU.10.46_1,district,7.066069733099148,51.16245515826723,153047,48.38709677419355,hospital298,0.058734221785910166,pharmacy6106,0.010459051554370907,home377,0,True
geo110,Oberallgäu,DEU.2.68_1,district,10.258622911145835,47.572707558003046,150762,48.635235732009924,hospital218,0.14904560726947508,pharmacy12459,0.029719740216776532,home110,0,True
geo120,Havelland,DEU.4.7_1,district,12.628346917269178,52.62082080779248,150475,48.883374689826304,hospital233,0.48959598090652984,pharmacy870,0.12155829203358591,home120,0,True
geo319,Nordwestmecklenburg,DEU.8.3_1,district,11.252109477444227,53.82151223569007,149961,49.13151364764268,hospital160,0.20448068380874418,pharmacy8007,0.0747894722104143,home319,0,True
geo362,Rhein-Pfalz-Kreis,DEU.11.27_1,district,8.360681124734732,49.41664996912728,148725,49.37965260545906,hospital14,0.21029768326324527,pharmacy1618,0.024185813405803284,home362,0,True
geo332,Darmstadt,DEU.7.3_1,district,8.664681554699424,49.88144614028636,148411,49.62779156327544,hospital101,0.2088385190407217,pharmacy6559,0.003995068225890169,home332,0,True
geo147,Hameln-Pyrmont,DEU.9.16_1,district,9.389895442707688,52.09513818580979,148209,49.87593052109181,hospital198,0.13886654452677635,pharmacy6029,0.0179892874090547,home147,0,True
geo195,Heidelberg,DEU.1.15_1,district,8.694171810773096,49.40551526184572,146192,50.12406947890818,hospital136,0.007721119410643737,pharmacy12948,0.0020881688568849264,home195,0,True
geo91,Neckar-Odenwald-Kreis,DEU.1.27_1,district,9.28011002644488,49.466609790193765,145764,50.37220843672456,hospital116,0.3405753744546913,pharmacy928,0.053013895216552004,home91,0,True
geo135,Bamberg,DEU.2.14_1,district,10.88366377483197,49.89342862395038,144055,50.62034739454094,hospital170,0.027183056246470293,pharmacy8199,0.0027242420314519933,home135,0,True
geo273,Schwandorf,DEU.2.82_1,district,12.253084728670007,49.368033375140136,143705,50.86848635235732,hospital222,0.2938387639452024,pharmacy12545,0.09700142543868748,home273,0,True
geo148,Trier-Saarburg,DEU.11.31_1,district,6.6951955960593885,49.69647113430755,141682,51.1166253101737,hospital213,0.757924892306637,pharmacy7198,0.019871702400174905,home148,0,True
geo94,Höxter,DEU.10.22_1,district,9.178091516972689,51.68494074047222,141395,51.36476426799007,hospital292,0.3148283840502636,pharmacy5985,0.029048379461463436,home94,0,True
geo293,Dachau,DEU.2.21_1,district,11.357112793515023,48.33454827444009,141347,51.61290322580645,hospital321,0.038724280442409664,pharmacy13861,0.03140182677695345,home293,0,True
geo280,Saarpfalz-Kreis,DEU.12.5_1,district,7.242221248622216,49.24869938612938,139581,51.86104218362283,hospital213,0.11831125732480487,pharmacy6965,0.01920456578876474,home280,0,True
geo283,Rottweil,DEU.1.36_1,district,8.532351335936974,48.25422029554704,138355,52.10918114143921,hospital107,0.24822748522673785,pharmacy6734,0.04813299913738188,home283,0,True
geo165,Goslar,DEU.9.13_1,district,10.400392627831751,51.87467715626205,138284,52.357320099255574,hospital103,0.09431182311880931,pharmacy7599,0.038733356916029096,home165,0,True
geo75,Unterallgäu,DEU.2.90_1,district,10.389232775141906,48.03981303747373,137233,52.605459057071954,hospital176,0.22693445593829453,pharmacy10290,0.050881557527431925,home75,0,True
geo62,Regensburg (Kreisfreie Stadt),DEU.2.74_1,district,12.113730878627395,49.01308090209973,135699,52.853598014888334,hospital90,0.33384267083893415,pharmacy5087,0.0036966369690349925,home62,0,True
geo159,Heidekreis,DEU.9.18_1,district,9.769411413719492,52.928330115614855,135029,53.101736972704714,hospital174,0.43665934746935037,pharmacy14307,0.02852484058690739,home159,0,True
geo382,Ostallgäu,DEU.2.69_1,district,10.63973163422138,47.769959059224064,134924,53.349875930521094,hospital199,0.2029427597435331,pharmacy12167,0.020882718737389856,home382,0,True
geo54,Olpe,DEU.10.36_1,district,7.976477266200844,51.08615958832856,134293,53.59801488833747,hospital204,0.1558259940776094,pharmacy1807,0.05113971091939899,home54,0,True
geo238,Mansfeld-Südharz,DEU.13.10_1,district,11.356358476611604,51.53569016420771,134281,53.84615384615385,hospital216,0.3234442849799365,pharmacy15066,0.042312038907636226,home238,0,True
geo15,Starnberg,DEU.2.85_1,district,11.281732671827834,48.00604697729879,134067,54.09429280397022,hospital11,0.08450782315712445,pharmacy4915,0.03435870393561314,home15,0,True
geo234,Würzburg (Kreisfreie Stadt),DEU.2.91_1,district,9.940896023186315,49.78465542201195,133989,54.3424317617866,hospital235,0.011282212212021376,pharmacy3412,0.003697658906248905,home234,0,True
geo77,Northeim,DEU.9.26_1,district,9.848008859931753,51.74258730320584,133946,54.59057071960298,hospital142,0.25230570581217326,pharmacy6599,0.04773203429173987,home77,0,True
geo113,Tuttlingen,DEU.1.42_1,district,8.794136172881846,48.011200439374974,133525,54.83870967741935,hospital239,0.3295816834057903,pharmacy13067,0.0337283185927469,home113,0,True
geo100,Main-Tauber-Kreis,DEU.1.25_1,district,9.725088415793518,49.56070071293077,133431,55.08684863523573,hospital9,0.07985529145211807,pharmacy12023,0.08150295994483542,home100,0,True
geo339,Plön,DEU.15.10_1,district,10.363695148750718,54.24338860224201,133223,55.33498759305211,hospital59,0.40393111492291406,pharmacy2140,0.07842739222794849,home339,0,True
geo198,Vechta,DEU.9.40_1,district,8.223057948226437,52.66029014481472,132893,55.58312655086849,hospital4,0.186137111062592,pharmacy13220,0.010436074172740823,home198,0,True
geo51,Weilheim-Schongau,DEU.2.93_1,district,11.048336474339637,47.78753703242329,131842,55.831265508684865,hospital143,0.19193605674884812,pharmacy11274,0.013903489801811117,home51,0,True
geo372,Ebersberg,DEU.2.26_1,district,11.913172119790143,48.07617761091393,131526,56.07940446650124,hospital250,0.28163790634917374,pharmacy2593,0.02476816136919983,home372,0,True
geo139,Erlangen-Höchstadt,DEU.2.29_1,district,10.91489329554252,49.64004086345665,131322,56.32754342431762,hospital19,0.10443941827126416,pharmacy16103,0.015345156009809067,home139,0,True
geo226,Dithmarschen,DEU.15.1_1,district,9.107814578057976,54.13291095897648,131158,56.575682382134,hospital59,0.8886793248089171,pharmacy3434,0.04946103171810405,home226,0,True
geo153,Grafschaft Bentheim,DEU.9.15_1,district,7.019856777217982,52.47605340300844,131154,56.82382133995038,hospital285,0.5526854746022272,pharmacy10897,0.044247624503007094,home153,0,True
geo177,Bad Dürkheim,DEU.11.4_1,district,8.110304919202294,49.45302058656367,130468,57.07196029776674,hospital302,0.34508530555210376,pharmacy9181,0.05880143534091648,home177,0,True
geo397,Steinburg,DEU.15.14_1,district,9.519381921771007,53.9289451749564,130331,57.32009925558312,hospital59,0.4984997555608447,pharmacy3187,0.005776190877312687,home397,0,True
geo191,Heidenheim,DEU.1.16_1,district,10.182150416878072,48.66228143296114,130104,57.5682382133995,hospital251,0.30882995584210726,pharmacy10455,0.024287084582205434,home191,0,True
geo248,Donau-Ries,DEU.2.25_1,district,10.712344198369845,48.80693201723593,130021,57.81637717121588,hospital63,0.21589820407074828,pharmacy5966,0.028826211404684367,home248,0,True
geo250,Altenkirchen (Westerwald),DEU.11.2_1,district,7.744125257318482,50.75074765760422,129608,58.06451612903226,hospital226,0.22194193494501652,pharmacy7353,0.07004383414495897,home250,0,True
geo108,Aichach-Friedberg,DEU.2.1_1,district,11.052755556508544,48.42757014854615,129544,58.31265508684863,hospital62,0.21743040637376154,pharmacy199,0.042204753274558075,home108,0,True
geo86,Verden,DEU.9.41_1,district,9.1754645258444,52.97323563215074,129373,58.56079404466501,hospital293,0.6273757716582649,pharmacy4532,0.008248930273034822,home86,0,True
geo39,Sigmaringen,DEU.1.39_1,district,9.241003511794185,48.039151502180935,129271,58.80893300248139,hospital76,0.05956959858294996,pharmacy1650,0.03522215588682892,home39,0,True
geo337,Erding,DEU.2.28_1,district,12.000624698687693,48.30039708100604,128892,59.05707196029777,hospital246,0.13738249854151355,pharmacy2312,0.08624321956471921,home337,0,True
geo76,Cham,DEU.2.18_1,district,12.69547949660538,49.23706515937924,128757,59.30521091811415,hospital217,0.021711526271606517,pharmacy81,0.03515832828405779,home76,0,True
geo68,Miltenberg,DEU.2.58_1,district,9.234716588696566,49.75729061887942,128659,59.553349875930515,hospital258,0.23806216420678544,pharmacy6665,0.03248778174246982,home68,0,True
geo37,Neumarkt in der Oberpfalz,DEU.2.63_1,district,11.566557927102927,49.21596140774634,128643,59.801488833746895,hospital110,0.1651442341050527,pharmacy5802,0.029673246899323994,home37,0,True
geo286,Ulm,DEU.1.43_1,district,9.950021137646983,48.390832727305686,128046,60.049627791563275,hospital296,0.03858415954138266,pharmacy852,0.006613662047857416,home286,0,True
geo254,Neunkirchen,DEU.12.2_1,district,7.117203206806414,49.37570165195713,127664,60.297766749379655,hospital213,0.23825629760436065,pharmacy7834,0.015249813837591992,home254,0,True
geo106,Peine,DEU.9.33_1,district,10.255287801925562,52.30419131933469,127628,60.545905707196034,hospital132,0.28101093637229446,pharmacy10109,0.02206991730298209,home106,0,True
geo305,Ingolstadt,DEU.2.42_1,district,11.395006932575184,48.755092776204506,127579,60.7940446650124,hospital281,0.02003844180185747,pharmacy1805,0.01487836518925758,home305,0,True
geo161,Main-Spessart,DEU.2.55_1,district,9.662681704396094,49.99358220166221,126998,61.04218362282878,hospital235,0.3366776488715874,pharmacy8944,0.06796015654906504,home161,0,True
geo182,Gotha,DEU.16.6_1,district,10.693762724920786,50.9106605657736,126513,61.29032258064516,hospital36,0.17255835212804854,pharmacy8810,0.025338976506876037,home182,0,True
geo170,Eichstätt,DEU.2.27_1,district,11.37038729584994,48.89808756975025,126155,61.53846153846154,hospital41,0.12696745068024604,pharmacy1769,0.056625432164984786,home170,0,True
geo356,Roth,DEU.2.79_1,district,11.123565409689288,49.20291712100853,125620,61.78660049627791,hospital93,0.24185550931035465,pharmacy14927,0.045119473801022034,home356,0,True
geo122,Ahrweiler,DEU.11.1_1,district,7.044976439110269,50.46758532266617,125068,62.03473945409429,hospital195,0.23992679199310427,pharmacy14709,0.08967218795670347,home122,0,True
geo373,Oldenburg,DEU.9.28_1,district,8.38939656644398,52.98807690755407,124785,62.28287841191067,hospital304,0.214025534878493,pharmacy3245,0.014705459005575084,home373,0,True
geo223,Uckermark,DEU.4.18_1,district,13.861299643719263,53.20590311821128,124488,62.531017369727046,hospital248,0.5529424550071472,pharmacy8712,0.10721194196595206,home223,0,True
geo401,Germersheim,DEU.11.12_1,district,8.246193767381632,49.11590816419561,123259,62.779156327543426,hospital67,0.3024217892689825,pharmacy5370,0.0054612261210438846,home401,0,True
geo304,Bad Tölz-Wolfratshausen,DEU.2.12_1,district,11.483115397325331,47.72747715377234,123124,63.0272952853598,hospital17,0.25991803705441596,pharmacy1293,0.07280238476932753,home304,0,True
geo127,Alzey-Worms,DEU.11.3_1,district,8.157184993776996,49.75944139726574,122722,63.27543424317618,hospital314,0.22255306045482712,pharmacy4953,0.023747805171790873,home127,0,True
geo400,Wittenberg,DEU.13.14_1,district,12.701588244381506,51.82014007255112,122430,63.52357320099256,hospital81,0.14115247759198887,pharmacy9326,0.061841725884624776,home400,0,True
geo196,Rhein-Lahn-Kreis,DEU.11.26_1,district,7.84270993687444,50.26328174988001,122011,63.77171215880894,hospital226,0.27882784912738134,pharmacy13967,0.01311890412399903,home196,0,True
geo215,Offenbach am Main,DEU.7.18_1,district,8.78096226541877,50.09107876722421,121919,64.01985111662532,hospital253,0.08788455900134201,pharmacy11710,0.005181063591730137,home215,0,True
geo297,Heilbronn (Stadtkreis),DEU.1.17_1,district,9.182346900610035,49.15271959211056,121824,64.26799007444168,hospital116,0.04228741712953448,pharmacy6625,0.007753132700640462,home297,0,True
geo216,Spree-Neiße,DEU.4.16_1,district,14.433133736734773,51.75859636852406,121649,64.51612903225806,hospital139,0.20224277910138244,pharmacy3304,0.08644642228521973,home216,0,True
geo269,Hersfeld-Rotenburg,DEU.7.8_1,district,9.75293240590428,50.90618961028832,121578,64.76426799007444,hospital12,0.0762257467930789,pharmacy14198,0.016586949416794183,home269,0,True
geo115,Günzburg,DEU.2.38_1,district,10.381131219707273,48.35281384648939,120893,65.01240694789082,hospital251,0.21995552279295444,pharmacy5569,0.06626314615524014,home115,0,True
geo298,Pfaffenhofen an der Ilm,DEU.2.72_1,district,11.52428269156976,48.59627516398462,119240,65.2605459057072,hospital269,0.08238078216237273,pharmacy9370,0.06378817945097644,home298,0,True
geo353,Wartburgkreis,DEU.16.21_1,district,10.210703926586222,50.885801638941054,119145,65.50868486352357,hospital202,0.14540812147175278,pharmacy10169,0.02683158808653222,home353,0,True
geo140,Rottal-Inn,DEU.2.80_1,district,12.867350432591168,48.4245198696173,118696,65.75682382133995,hospital112,0.05969351167048525,pharmacy6547,0.07112001167899919,home140,0,True
geo157,Nienburg (Weser),DEU.9.25_1,district,9.114312908831746,52.60922280190894,118689,66.00496277915633,hospital293,0.26460751614303574,pharmacy14068,0.04851301937534545,home157,0,True
geo109,Wolfenbüttel,DEU.9.45_1,district,10.583953805958082,52.12699752269368,118227,66.25310173697271,hospital241,0.25578445668946287,pharmacy7609,0.030139031055015985,home109,0,True
geo160,Freudenstadt,DEU.1.13_1,district,8.4653129371853,48.47440616954944,118210,66.50124069478908,hospital107,0.22781345028207406,pharmacy6347,0.03493576133537934,home160,0,True
geo63,Schmalkalden-Meiningen,DEU.16.16_1,district,10.405043456426972,50.63070767554899,117999,66.74937965260546,hospital37,0.2434076167706983,pharmacy15850,0.03928889198674477,home63,0,True
geo12,Deggendorf,DEU.2.22_1,district,13.000725790394345,48.77870211175995,117961,66.99751861042184,hospital272,0.2931235704601224,pharmacy4332,0.050130117602982124,home12,0,True
geo13,Pforzheim,DEU.1.30_1,district,8.712779098328877,48.876400546896654,117696,67.24565756823822,hospital154,0.052372121483886515,pharmacy12356,0.01674183268902149,home13,0,True
geo379,Fürth,DEU.2.36_1,district,10.849686426157444,49.44669056180415,117596,67.4937965260546,hospital93,0.1761254892824181,pharmacy2455,0.011612555665482985,home379,0,True
geo132,Fürth (Kreisfreie Stadt),DEU.2.31_1,district,10.965482114646903,49.491418820979206,117510,67.74193548387096,hospital93,0.08986632365639598,pharmacy73,0.0059713855738870785,home132,0,True
geo249,Oberspreewald-Lausitz,DEU.4.10_1,district,13.943617303013236,51.616300521095205,117053,67.99007444168734,hospital221,0.24598253612247115,pharmacy8683,0.07500705722371868,home249,0,True
geo351,Wolfsburg,DEU.9.46_1,district,10.784870785415723,52.41074739133117,116936,68.23821339950372,hospital241,0.16810675015985813,pharmacy7461,0.00858663807393814,home351,0,True
geo7,Landsberg am Lech,DEU.2.49_1,district,10.94873467752797,48.02443537617861,115784,68.4863523573201,hospital327,0.09617286964747901,pharmacy2889,0.05503265483573147,home7,0,True
geo282,Kelheim,DEU.2.44_1,district,11.857554426337778,48.82494143484878,114162,68.73449131513648,hospital90,0.19324551744690938,pharmacy1322,0.012768805222167438,home282,0,True
geo20,Forchheim,DEU.2.32_1,district,11.173131902631631,49.72099688961266,113886,68.98263027295285,hospital47,0.05902266094607715,pharmacy930,0.02893768818557784,home20,0,True
geo175,Bottrop,DEU.10.5_1,district,6.920116177805743,51.57169382659439,113839,69.23076923076923,hospital243,0.09238713428363102,pharmacy351,0.016860000944388116,home175,0,True
geo217,Schweinfurt,DEU.2.84_1,district,10.259950355738995,50.01688184519116,113758,69.4789081885856,hospital242,0.0433861267766045,pharmacy7049,0.02197594337572101,home217,0,True
geo394,Ammerland,DEU.9.1_1,district,8.013262266386139,53.2184881738018,113374,69.72704714640199,hospital305,0.10245511335209222,pharmacy5508,0.03378744280399814,home394,0,True
geo241,Bremerhaven,DEU.5.2_1,district,8.588505173824617,53.53816620719008,111730,69.97518610421837,hospital304,0.5670359124306052,pharmacy1542,0.0019468749597963348,home241,0,True
geo184,Mühldorf am Inn,DEU.2.59_1,district,12.381828021826772,48.23931452440299,111308,70.22332506203473,hospital282,0.1402379039549017,pharmacy13396,0.030615244739732157,home184,0,True
geo207,Stendal,DEU.13.13_1,district,11.839534373764456,52.69677811970663,108995,70.47146401985111,hospital252,0.08641114278465657,pharmacy3571,0.03028019604833295,home207,0,True
geo69,Osterholz,DEU.9.31_1,district,8.808080926552998,53.25100675331373,108925,70.71960297766749,hospital304,0.6094721783075358,pharmacy6865,0.02511385639912768,home69,0,True
geo376,Altötting,DEU.2.2_1,district,12.705282675093953,48.2098044274548,108621,70.96774193548387,hospital319,0.1433449676276886,pharmacy2254,0.031686420714460435,home376,0,True
geo10,Bernkastel-Wittlich,DEU.11.6_1,district,6.9672186219988,49.92464518218199,108383,71.21588089330024,hospital213,0.7243321593039264,pharmacy6393,0.044890330705682276,home10,0,True
geo237,Hohenlohekreis,DEU.1.19_1,district,9.614135769975816,49.27154614195637,108241,71.46401985111662,hospital125,0.19489028132042396,pharmacy11553,0.02355653541240851,home237,0,True
geo67,Erlangen,DEU.2.30_1,district,10.97814494449725,49.58232923710854,108186,71.712158808933,hospital19,0.03639647717935667,pharmacy8775,0.0063602507181562285,home67,0,True
geo221,Vogelsbergkreis,DEU.7.22_1,district,9.271379504894504,50.63811937299852,108036,71.96029776674938,hospital297,0.35988070828408014,pharmacy1699,0.09243633064469141,home221,0,True
geo255,Elbe-Elster,DEU.4.5_1,district,13.45958891705309,51.61227101655046,107259,72.20843672456576,hospital221,0.23992443021898893,pharmacy593,0.09015247392657467,home255,0,True
geo383,Südliche Weinstraße,DEU.11.29_1,district,8.04807597970352,49.190382349792095,107124,72.45657568238212,hospital67,0.47899347762787725,pharmacy12110,0.03567907114212099,home383,0,True
geo121,Bayreuth,DEU.2.16_1,district,11.55515576509543,49.88376103787191,106335,72.7047146401985,hospital47,0.38950100040528,pharmacy12170,0.04515822751076537,home121,0,True
geo218,Saalfeld-Rudolstadt,DEU.16.15_1,district,11.309116252801706,50.637797957558455,106131,72.95285359801488,hospital149,0.4199564382508241,pharmacy11088,0.041504572954094626,home218,0,True
geo81,Remscheid,DEU.10.39_1,district,7.224115651763226,51.18269330395461,106039,73.20099255583126,hospital288,0.02405334873561911,pharmacy8444,0.016973297292509314,home81,0,True
geo395,Koblenz,DEU.11.15_1,district,7.579551041786977,50.34851605021528,104914,73.44913151364764,hospital226,0.25490394940541156,pharmacy7831,0.006735586635436322,home395,0,True
geo322,Amberg-Sulzbach,DEU.2.3_1,district,11.80095317790946,49.4867511601236,104576,73.69727047146401,hospital222,0.18056394082410054,pharmacy11810,0.046467414802953015,home322,0,True
geo325,Bad Kissingen,DEU.2.11_1,district,9.964680058340551,50.22249502685596,104149,73.94540942928039,hospital214,0.2775773132417131,pharmacy1140,0.024211781013896462,home325,0,True
geo119,Trier,DEU.11.32_1,district,6.655051021492341,49.7629388321912,104130,74.19354838709677,hospital213,0.8273299512420624,pharmacy9822,0.005214412755391786,home119,0,True
geo292,Berchtesgadener Land,DEU.2.17_1,district,12.901866065891747,47.698472434122216,103706,74.44168734491315,hospital276,0.12009865602852628,pharmacy902,0.020791962619730427,home292,0,True
geo235,Kaiserslautern,DEU.11.14_1,district,7.684981534417445,49.4462223333184,102719,74.68982630272953,hospital85,0.13157233331872362,pharmacy13430,0.025526186460991248,home235,0,True
geo369,Ilm-Kreis,DEU.16.9_1,district,10.966357497696183,50.73793376455535,102640,74.93796526054591,hospital329,0.2898909211688696,pharmacy226,0.05432522690333903,home369,0,True
geo8,Werra-Meißner-Kreis,DEU.7.24_1,district,9.92890615584651,51.190756433504696,102174,75.18610421836229,hospital231,0.08853591955843365,pharmacy16519,0.02244110022822635,home8,0,True
geo358,Rhein-Hunsrück-Kreis,DEU.11.25_1,district,7.500099719471637,50.044209837185136,100464,75.43424317617865,hospital302,0.5195679312167784,pharmacy12085,0.06334674516510631,home358,0,True
geo290,Hof,DEU.2.41_1,district,11.819192832536576,50.27321205221584,99602,75.68238213399503,hospital35,0.17530086650941637,pharmacy16357,0.02644383211870054,home290,0,True
geo220,Unstrut-Hainich-Kreis,DEU.16.20_1,district,10.55179556636507,51.18523870319004,99169,75.93052109181141,hospital36,0.18862054199590764,pharmacy4046,0.08180471906136036,home220,0,True
geo22,Cottbus,DEU.4.3_1,district,14.366218853680168,51.77269300197818,99135,76.1786600496278,hospital139,0.2076211431750776,pharmacy16435,0.02055343988151259,home22,0,True
geo55,Salzgitter,DEU.9.36_1,district,10.370726233786469,52.12447444215165,99045,76.42679900744417,hospital103,0.31900810704730015,pharmacy4917,0.02552289737580048,home55,0,True
geo71,Kaiserslautern (Kreisfreie Stadt),DEU.11.13_1,district,7.7606747852077085,49.43285258527799,98737,76.67493796526055,hospital85,0.20241620334619212,pharmacy15073,0.005168417003232744,home71,0,True
geo388,Straubing-Bogen,DEU.2.86_1,district,12.58240399081375,48.89970504014067,98406,76.92307692307693,hospital87,0.11516084199730248,pharmacy12288,0.018685174718810427,home388,0,True
geo35,Neustadt an der Aisch-Bad Windsheim,DEU.2.64_1,district,10.465291674494914,49.56948358652276,98261,77.1712158808933,hospital80,0.3659821419117847,pharmacy2688,0.04373689676464135,home35,0,True
geo321,Merzig-Wadern,DEU.12.1_1,district,6.6804847979859,49.49576456193192,97721,77.41935483870968,hospital213,0.691128954882569,pharmacy13337,0.02636843088364542,home321,0,True
geo392,Ostprignitz-Ruppin,DEU.4.12_1,district,12.63595895829988,52.99142304678122,97716,77.66749379652606,hospital233,0.7294913277850024,pharmacy13313,0.17145528130428678,home392,0,True
geo268,Greiz,DEU.16.7_1,district,12.07407057967028,50.74845954103503,97494,77.91563275434244,hospital274,0.12364114444921158,pharmacy4066,0.028395791221137452,home268,0,True
geo137,Neustadt an der Waldnaab,DEU.2.65_1,district,12.098257455888508,49.686582882526174,97097,78.16377171215882,hospital50,0.16004558476740657,pharmacy323,0.04916623579621079,home137,0,True
geo104,Jena,DEU.16.10_1,district,11.587011252852887,50.92426380370273,96950,78.41191066997519,hospital274,0.46452071446086507,pharmacy10103,0.003308001748194098,home104,0,True
geo95,Miesbach,DEU.2.57_1,district,11.808989736515953,47.74164533495107,96521,78.66004962779157,hospital250,0.39923864922089086,pharmacy1482,0.0319455567582384,home95,0,True
geo312,Friesland,DEU.9.11_1,district,7.983247502419302,53.51036290067718,96165,78.90818858560795,hospital305,0.2610226748715055,pharmacy16042,0.033528555144767457,home312,0,True
geo208,Eichsfeld,DEU.16.2_1,district,10.253485392502304,51.383649211173406,96160,79.15632754342433,hospital249,0.208553330119782,pharmacy16733,0.062450634457270476,home208,0,True
geo367,Südwestpfalz,DEU.11.30_1,district,7.6588671742064545,49.20827472866653,95991,79.4044665012407,hospital85,0.21934116289385078,pharmacy6195,0.036854353954167765,home367,0,True
geo4,Odenwaldkreis,DEU.7.17_1,district,8.97952523821166,49.67158622828621,95910,79.65260545905707,hospital258,0.12539018994071507,pharmacy13483,0.015880685557115713,home4,0,True
geo340,Dillingen an der Donau,DEU.2.23_1,district,10.527764168141347,48.59640379761491,93778,79.90074441687345,hospital106,0.15461480749616463,pharmacy5263,0.0368350594758518,home340,0,True
geo303,Weißenburg-Gunzenhausen,DEU.2.94_1,district,10.893659124045016,49.03268583329661,92417,80.14888337468983,hospital66,0.25931854269923904,pharmacy8634,0.054698329844299745,home303,0,True
geo29,Neuburg-Schrobenhausen,DEU.2.62_1,district,11.197210668005331,48.664420331903976,92315,80.39702233250621,hospital56,0.06890859503238793,pharmacy7381,0.06292623413970946,home29,0,True
geo28,Eifelkreis Bitburg-Prüm,DEU.11.10_1,district,6.410129965197388,50.0621597733457,92043,80.64516129032258,hospital97,0.7753840402640975,pharmacy14070,0.05569207957631013,home28,0,True
geo267,Dingolfing-Landau,DEU.2.24_1,district,12.610477189852269,48.64116461824294,91964,80.89330024813896,hospital272,0.2175700643793036,pharmacy4770,0.011672987330787688,home267,0,True
geo315,Uelzen,DEU.9.39_1,district,10.547581108008066,52.98363494442586,91146,81.14143920595534,hospital39,0.29276587858109987,pharmacy552,0.012223105043475731,home315,0,True
geo350,Gera,DEU.16.5_1,district,12.082696186781329,50.89401707780628,90783,81.38957816377172,hospital274,0.04232666209581514,pharmacy6774,0.0006207550481907502,home350,0,True
geo240,Schwerin,DEU.8.6_1,district,11.416529979906684,53.621510071948734,89931,81.6377171215881,hospital33,0.3017578687670802,pharmacy4550,0.006663538584508817,home240,0,True
geo360,Helmstedt,DEU.9.19_1,district,10.888838700649464,52.26074431618324,89807,81.88585607940446,hospital241,0.07942548737638208,pharmacy1006,0.07002648870690653,home360,0,True
geo320,Altenburger Land,DEU.16.1_1,district,12.399131369977,50.9564246391916,89553,82.13399503722084,hospital301,0.31484117994718563,pharmacy2544,0.04148916676612725,home320,0,True
geo334,Kitzingen,DEU.2.46_1,district,10.256062459400471,49.75322538183573,89011,82.38213399503722,hospital27,0.20733242144961792,pharmacy556,0.04893496251597948,home334,0,True
geo345,Coburg,DEU.2.20_1,district,10.942326053012016,50.26788950823085,88539,82.6302729528536,hospital5,0.03698082500250123,pharmacy14660,0.00929949264000642,home345,0,True
geo246,Flensburg,DEU.15.2_1,district,9.438528374979848,54.78499337599244,87587,82.87841191066998,hospital59,0.8990388697662195,pharmacy13975,0.0023336028513868097,home246,0,True
geo101,Wesermarsch,DEU.9.42_1,district,8.388646189242992,53.357641824165135,87464,83.12655086848635,hospital304,0.30117162136795367,pharmacy3179,0.062110509633785387,home101,0,True
geo194,Garmisch-Partenkirchen,DEU.2.37_1,district,11.12962860388539,47.55634897786212,87118,83.37468982630273,hospital206,0.12660911447792117,pharmacy9737,0.008695259771546398,home194,0,True
geo370,Jerichower Land,DEU.13.8_1,district,12.026518856214816,52.26078979616637,86276,83.62282878411911,hospital252,0.3911286662021025,pharmacy14028,0.09532682015913851,home370,0,True
geo59,Haßberge,DEU.2.39_1,district,10.60697885557282,50.0628789146982,85309,83.87096774193549,hospital170,0.3455233782036209,pharmacy10449,0.04176250755804897,home59,0,True
geo43,St. Wendel,DEU.12.6_1,district,7.100433245255914,49.519573108362174,83974,84.11910669975185,hospital213,0.32437698836061946,pharmacy66,0.013250879212870707,home43,0,True
geo129,Rhön-Grabfeld,DEU.2.76_1,district,10.254864498944947,50.37129968518798,82815,84.36724565756823,hospital37,0.27283624968855746,pharmacy11861,0.006861239384237405,home129,0,True
geo36,Nordhausen,DEU.16.12_1,district,10.730906726571243,51.50227797034279,82018,84.61538461538461,hospital130,0.28885329910477664,pharmacy7212,0.05074225743878717,home36,0,True
geo181,Birkenfeld,DEU.11.7_1,district,7.27765459803196,49.71254038977464,81294,84.863523573201,hospital213,0.4113322950336281,pharmacy8719,0.023354501530133336,home181,0,True
geo118,Lindau (Bodensee),DEU.2.53_1,district,9.88286136539649,47.60516495016097,80710,85.11166253101737,hospital79,0.0161395407763945,pharmacy13129,0.004929733399888093,home118,0,True
geo236,Worms,DEU.11.35_1,district,8.324528631163364,49.64944553476966,80616,85.35980148883374,hospital14,0.15952211740591157,pharmacy10069,0.008799561349219269,home236,0,True
geo202,Altmarkkreis Salzwedel,DEU.13.1_1,district,11.22704532626578,52.68004809187298,80185,85.60794044665012,hospital118,0.2203243490560495,pharmacy1491,0.07510941707537952,home202,0,True
geo211,Freyung-Grafenau,DEU.2.34_1,district,13.513210074495024,48.82685815392323,79908,85.8560794044665,hospital227,0.23827211146452973,pharmacy16714,0.0392365569256365,home211,0,True
geo60,Saale-Orla-Kreis,DEU.16.14_1,district,11.710573733559611,50.58084802075491,79564,86.10421836228288,hospital35,0.1802730468621836,pharmacy9722,0.08294180089311012,home60,0,True
geo1,Saale-Holzland-Kreis,DEU.16.13_1,district,11.731530798333546,50.90417213280748,79235,86.35235732009926,hospital274,0.3186525652560468,pharmacy4245,0.04311472321423791,home1,0,True
geo242,Regen,DEU.2.73_1,district,13.099763791563502,49.02281441032176,78944,86.60049627791562,hospital117,0.11961223844609388,pharmacy9926,0.046572458194883926,home242,0,True
geo11,Wilhelmshaven,DEU.9.43_1,district,8.086204628729522,53.565944815091946,78836,86.848635235732,hospital305,0.3510844614787014,pharmacy13669,0.010032947684999906,home11,0,True
geo233,Prignitz,DEU.4.15_1,district,11.96182690943528,53.10932672513163,78330,87.09677419354838,hospital252,0.50954763963068,pharmacy4271,0.1012392750215631,home233,0,True
geo309,Dessau-Roßlau,DEU.13.5_1,district,12.231055973372207,51.85373793036776,77846,87.34491315136476,hospital64,0.43389577832383386,pharmacy1583,0.008201047069199505,home309,0,True
geo123,Weimarer Land,DEU.16.22_1,district,11.373553274330485,50.97157199473325,77580,87.59305210918114,hospital18,0.450550509999328,pharmacy6697,0.029356856243024424,home123,0,True
geo179,Wunsiedel im Fichtelgebirge,DEU.2.95_1,district,12.041872109399268,50.09014053461328,76222,87.84119106699751,hospital2,0.09161433821583366,pharmacy14637,0.059497346891514646,home179,0,True
geo149,Neumünster,DEU.15.6_1,district,9.984481954670354,54.08112443678415,75884,88.08933002481389,hospital59,0.010629382503112227,pharmacy2307,0.0056970711175749755,home149,0,True
geo270,Tirschenreuth,DEU.2.88_1,district,12.20034187870794,49.89938900294463,74720,88.33746898263027,hospital40,0.132444375872489,pharmacy8263,0.06478687271205212,home270,0,True
geo79,Donnersbergkreis,DEU.11.9_1,district,7.91501133015245,49.63198305181332,74377,88.58560794044665,hospital302,0.10071543788740196,pharmacy12404,0.08624265617896243,home79,0,True
geo102,Kulmbach,DEU.2.48_1,district,11.482299134729285,50.10264207002481,74359,88.83374689826302,hospital83,0.29788403582437667,pharmacy11978,0.019189157148049443,home102,0,True
geo336,Osterode am Harz,DEU.9.32_1,district,10.371446654634576,51.677964645757385,74298,89.0818858560794,hospital130,0.11146907353658658,pharmacy8682,0.03892035791904601,home336,0,True
geo278,Kyffhäuserkreis,DEU.16.11_1,district,10.984833099086192,51.32476307432897,73907,89.33002481389578,hospital18,0.2625366156797931,pharmacy15384,0.10049264284798677,home278,0,True
geo117,Bayreuth (Kreisfreie Stadt),DEU.2.15_1,district,11.584672615545031,49.93774274784261,73630,89.57816377171216,hospital83,0.42478655661748066,pharmacy5703,0.004637044956418949,home117,0,True
geo82,Delmenhorst,DEU.9.7_1,district,8.64568288386198,53.04940435689869,72361,89.82630272952854,hospital304,0.43544254307418484,pharmacy11130,0.003983880716532613,home82,0,True
geo289,Bamberg (Kreisfreie Stadt),DEU.2.13_1,district,10.898936281339548,49.88722210602891,71588,90.07444168734492,hospital170,0.020856867050528447,pharmacy7332,0.005785388415044358,home289,0,True
geo342,Kusel,DEU.11.16_1,district,7.47132028214222,49.54981085606465,70730,90.32258064516128,hospital85,0.17062686037659092,pharmacy14349,0.009741842459171018,home342,0,True
geo173,Holzminden,DEU.9.21_1,district,9.55140271466777,51.88063261674294,70516,90.57071960297766,hospital292,0.10675595168898927,pharmacy9536,0.06114286169895493,home173,0,True
geo318,Kronach,DEU.2.47_1,district,11.372046623103452,50.327963224795816,70113,90.81885856079404,hospital149,0.26159727767580926,pharmacy13287,0.06320868860092167,home318,0,True
geo180,Brandenburg an der Havel,DEU.4.2_1,district,12.519333787086492,52.40271511043574,69561,91.06699751861042,hospital233,0.5473032125184474,pharmacy1560,0.008643723095075002,home180,0,True
geo243,Aschaffenburg (Kreisfreie Stadt),DEU.2.7_1,district,9.1458119239002,49.96385604483919,69508,91.3151364764268,hospital258,0.22302891492433874,pharmacy5945,0.0091433806793702,home243,0,True
geo323,Lichtenfels,DEU.2.52_1,district,11.116921576592135,50.109330505505824,68262,91.56327543424318,hospital5,0.19992412881092936,pharmacy3019,0.05254944474909956,home323,0,True
geo295,Sömmerda,DEU.16.17_1,district,11.154751182240938,51.157808069005405,66470,91.81141439205956,hospital18,0.23922231115407708,pharmacy988,0.012627711125130992,home295,0,True
geo229,Kempten (Allgäu),DEU.2.45_1,district,10.308118493143157,47.73818425098503,62712,92.05955334987593,hospital69,0.00798907675506157,pharmacy11889,0.003575527280894434,home229,0,True
geo257,Rosenheim (Kreisfreie Stadt),DEU.2.77_1,district,12.108724751065123,47.84437771822669,62259,92.3076923076923,hospital284,0.22760343654956577,pharmacy278,0.0075311763040269,home257,0,True
geo84,Hildburghausen,DEU.16.8_1,district,10.734090416175802,50.43400275056109,60953,92.55583126550869,hospital329,0.17118630177689828,pharmacy15841,0.0066778780388405375,home84,0,True
geo168,Cochem-Zell,DEU.11.8_1,district,7.174319960701088,50.13288000436351,60530,92.80397022332507,hospital195,0.5706473665644334,pharmacy11812,0.017627464618866974,home168,0,True
geo365,Landshut (Kreisfreie Stadt),DEU.2.50_1,district,12.159341645307178,48.54466998277108,60525,93.05210918114145,hospital246,0.2021370716806016,pharmacy6247,0.003393342711500218,home365,0,True
geo209,Weimar,DEU.16.23_1,district,11.317872275719605,50.978347168583575,60175,93.30024813895783,hospital18,0.39473616478801093,pharmacy12988,0.0031591857210310314,home209,0,True
geo5,Vulkaneifel,DEU.11.33_1,district,6.748652780488222,50.23833622977494,59727,93.54838709677419,hospital178,0.5821584741356863,pharmacy7523,0.08642521629335272,home5,0,True
geo200,Frankfurt (Oder),DEU.4.6_1,district,14.490347839376303,52.3247629537401,58243,93.79652605459057,hospital102,0.2414947462009294,pharmacy11417,0.029094494882834616,home200,0,True
geo402,Wittmund,DEU.9.44_1,district,7.706123577182387,53.57341374923416,55106,94.04466501240695,hospital305,0.38068273657196045,pharmacy7370,0.03034483060695285,home402,0,True
geo203,Sonneberg,DEU.16.18_1,district,11.13295266110965,50.41463055239095,54787,94.29280397022333,hospital5,0.22879777035149282,pharmacy6101,0.02502127191328055,home203,0,True
geo313,Baden-Baden,DEU.1.2_1,district,8.231762131016664,48.74852750031544,54201,94.54094292803971,hospital67,0.17589154021410966,pharmacy7307,0.013514650162669232,home313,0,True
geo21,Schweinfurt (Kreisfreie Stadt),DEU.2.83_1,district,10.220891952046566,50.047008002264505,53523,94.78908188585608,hospital242,0.005942022287623908,pharmacy13696,0.0028479146534567657,home21,0,True
geo232,Neustadt an der Weinstraße,DEU.11.22_1,district,8.152287885339662,49.34187579427819,52035,95.03722084367246,hospital14,0.40862640321947397,pharmacy12059,0.009313393359606948,home232,0,True
geo247,Passau (Kreisfreie Stadt),DEU.2.70_1,district,13.415050422312524,48.58209839869617,50938,95.28535980148884,hospital227,0.14955928157921924,pharmacy3320,0.013960661026241527,home247,0,True
geo189,Emden,DEU.9.9_1,district,7.181584114380743,53.36067906659717,49900,95.53349875930522,hospital305,0.7441269707430945,pharmacy9516,0.006695755947582522,home189,0,True
geo381,Frankenthal (Pfalz),DEU.11.11_1,district,8.356883798462732,49.53306402963694,49631,95.7816377171216,hospital14,0.1319462490595102,pharmacy367,0.003062335554318631,home381,0,True
geo167,Speyer,DEU.11.28_1,district,8.435019749320368,49.329718137762725,48179,96.02977667493796,hospital164,0.234318347115805,pharmacy2020,0.0058491252742100324,home167,0,True
geo281,Lüchow-Dannenberg,DEU.9.23_1,district,11.122919869849454,53.01987170713596,47651,96.27791563275434,hospital33,0.48750814783751245,pharmacy8336,0.06147704215748114,home281,0,True
geo142,Hof (Kreisfreie Stadt),DEU.2.40_1,district,11.897263172569804,50.31079562885453,46658,96.52605459057072,hospital35,0.21767978273648378,pharmacy8594,0.004718426670165776,home142,0,True
geo347,Straubing,DEU.2.87_1,district,12.573474871480482,48.880754479530346,44907,96.7741935483871,hospital87,0.1269964052729538,pharmacy6492,0.0015976027585796024,home347,0,True
geo32,Amberg,DEU.2.4_1,district,11.845372607501936,49.45092775119085,44624,97.02233250620348,hospital222,0.13907495558260435,pharmacy10560,0.0035095843044644936,home32,0,True
geo259,Landau in der Pfalz,DEU.11.17_1,district,8.050600916575636,49.22449371037328,43264,97.27047146401985,hospital302,0.4696898747518677,pharmacy12110,0.02429343741305526,home259,0,True
geo73,Weiden in der Oberpfalz,DEU.2.92_1,district,12.154533918912716,49.66924961353032,42557,97.51861042183623,hospital50,0.20115296165162277,pharmacy310,0.0008510482696668996,home73,0,True
geo107,Kaufbeuren,DEU.2.43_1,district,10.616096746321146,47.87992859911701,41964,97.76674937965261,hospital327,0.29273653643971626,pharmacy11514,0.004680214386080171,home107,0,True
geo169,Coburg (Kreisfreie Stadt),DEU.2.19_1,district,10.964438660264394,50.263951615783405,40741,98.01488833746899,hospital5,0.01750443476493082,pharmacy10011,0.0007144225420786239,home169,0,True
geo57,Ansbach (Kreisfreie Stadt),DEU.2.5_1,district,10.563669429784028,49.29218465826662,40548,98.26302729528535,hospital66,0.17206163415149192,pharmacy1007,0.0046430148091071745,home57,0,True
geo359,Memmingen,DEU.2.56_1,district,10.163027677529245,47.97878748695527,40456,98.51116625310173,hospital176,0.007677566867293117,pharmacy12423,0.010910883246393768,home359,0,True
geo251,Pirmasens,DEU.11.24_1,district,7.594363164769319,49.19712708550521,39859,98.75930521091811,hospital85,0.20987494179104704,pharmacy11819,0.002821784115079008,home251,0,True
geo262,Schwabach,DEU.2.81_1,district,11.023512509633589,49.33562044461068,39257,99.0074441687345,hospital93,0.08783313291361383,pharmacy7407,0.000880311120411405,home262,0,True
geo186,Eisenach,DEU.16.3_1,district,10.300102319133428,50.989676062704405,39166,99.25558312655087,hospital202,0.010866485105887313,pharmacy8353,0.009534529580440964,home186,0,True
geo162,Suhl,DEU.16.19_1,district,10.688177563932586,50.6116028521685,35543,99.50372208436724,hospital329,0.022896291379700635,pharmacy250,0.002544522409216995,home162,0,True
geo307,Zweibrücken,DEU.11.36_1,district,7.365393889607379,49.24816069402787,33597,99.75186104218362,hospital213,0.061997814529690255,pharmacy14018,0.0006203491922261155,home307,0,True
geo296,Bodensee,DEU.1.5_1,district,9.407016143433362,47.63209645818061,75,100.0,hospital238,0.231945462561007,pharmacy4629,0.03879049792464393,home296,0,True
